اسم_الشركة,الموضوع / النشاط,العنوان,الولاية,المعتمدية,المنطقة,النوع,__name_norm__,match_score,trovit_index,has_candidate,trovit_name,trovit_charika_id,trovit_tax_id,trovit_wilaya,trovit_delegation,trovit_capital,trovit_legal_form,trovit_detail_url,matched_strict,matched_maybe
الشركة الأهلية الجهوية ريكارد للنقل و الخدمات,النقل البرّي,عدد 4 نهج لبنان,أريانة,حي التضامن,حي التضامن,محلية,الشركه ريكارد للنقل و الخدمات,100.0,7,True,الشركة الأهلية الجهوية ريكارد للنقل و الخدمات,1869581R,1869581R,تونس,التضامن,20400,شركة أهلية جهوية,https://trovit.tn/charika/1869581R,True,False
الشركة الاهلية المحلية روز ماري القصرين,حراجة / إستغلال الغابات,نهج يونس الكعباشي,القصرين,القصرين الجنوبية,العويجة,محلية,الشركه روز ماري القصرين,100.0,34,True,الشركة الاهلية المحلية روز ماري القصرين,1916213K,1916213K,القصرين,القصرين الجنوبية,10400,شركة أهلية محلية,https://trovit.tn/charika/1916213K,True,False
الشركة الاهلية المحلية فوسانة الجديدة,حراجة / إستغلال الغابات,اولاد زيد,القصرين,فوسانة,فوسانة,محلية,الشركه فوسانه الجديده,100.0,100,True,الشركة الاهلية المحلية فوسانة الجديدة,1861317R,1861317R,القصرين,فوسانة,10000,شركة أهلية محلية,https://trovit.tn/charika/1861317R,True,False
الشركة الاهلية المحلية توني بلاست وان,إسترداد المواد المستعملة غير المعدنية القابلة للرسكلة,شارع الجمهورية,القصرين,سبيطلة,سبيطلة,محلية,الشركه توني بلاست وان,70.0,67,True,الشركة الأهلية المحلية لزيتون اللاس,1886679Z,1886679Z,الكاف,السرس,10600,شركة أهلية محلية,https://trovit.tn/charika/1886679Z,False,False
سباسب الوسط الغربي شركة اهلية جهوية,تشكيل الحجر و إعداده للإستعمال,سبيبة,القصرين,القصرين الشمالية,النور الشرقي,محلية,سباسب الوسط الغربي شركه اهليه جهويه,67.6056338028169,2,True,الظريف لخدمات النقل شركة أهلية جهوية,1879535Q,1879535Q,المنستير,المنستير,22800,شركة أهلية جهوية,https://trovit.tn/charika/1879535Q,False,False
الشركة الأهلية المحلية الأجرد لتثمين الثروات,حراجة / إستغلال الغابات,الأجرد,القصرين,حيدرة,حيدرة,محلية,الشركه الاجرد لتثمين الثروات,64.40677966101696,15,True,الشركة الاهلية الجهوية البيارق للانتاج الحيواني,1835385F,1835385F,تطاوين,تطاوين الشمالية,20000,شركة أهلية جهوية,https://trovit.tn/charika/1835385F,False,False
الشركة الاهلية المحلية جرجير سبيطلة,أنشطة الخدمات الملحقة بالفلاحة بإستثناء الأنشطة البيطرية,حي الغابات,القصرين,سبيطلة,سبيطلة,محلية,الشركه جرجير سبيطله,100.0,135,True,الشركة الاهلية المحلية جرجير سبيطلة,1815957K,1815957K,القصرين,سبيطلة,15800,شركة أهلية محلية,https://trovit.tn/charika/1815957K,True,False
الشركة الاهلية المحلية فلاح سبيطلة,أنشطة الخدمات الملحقة بالفلاحة بإستثناء الأنشطة البيطرية,الاثار,القصرين,سبيطلة,سبيطلة,محلية,الشركه فلاح سبيطله,100.0,131,True,الشركة الاهلية المحلية فلاح سبيطلة,1822253A,1822253A,القصرين,سبيطلة,10000,شركة أهلية محلية,https://trovit.tn/charika/1822253A,True,False
الشركة الاهلية المحلية العبادلة للنقل,أنشطة الخدمات الملحقة بالفلاحة بإستثناء الأنشطة البيطرية,عدد 470 نهج التحرير,القصرين,سبيطلة,سبيطلة,محلية,الشركه العبادله للنقل,100.0,113,True,الشركة الاهلية المحلية العبادلة للنقل,1836669V,1836669V,القصرين,سبيطلة,14000,شركة أهلية محلية,https://trovit.tn/charika/1836669V,True,False
الشركة الاهلية المحلية المركب الفلاحي مشرق الشمس,أنشطة الخدمات الملحقة بالفلاحة بإستثناء الأنشطة البيطرية,مشرق الشمس,القصرين,سبيطلة,سبيطلة,محلية,الشركه المركب الفلاحي مشرق الشمس,100.0,140,True,الشركة الاهلية المحلية المركب الفلاحي مشرق الشمس,1797120Q,1797120Q,القصرين,سبيطلة,11400,شركة أهلية محلية,https://trovit.tn/charika/1797120Q,True,False
الشركة الاهلية المحلية الهراهرة,أنشطة الخدمات الملحقة بالفلاحة بإستثناء الأنشطة البيطرية,الاثار,القصرين,سبيطلة,سبيطلة,محلية,الشركه الهراهره,100.0,128,True,الشركة الاهلية المحلية الهراهرة,1825518V,1825518V,القصرين,سبيطلة,10000,شركة أهلية محلية,https://trovit.tn/charika/1825518V,True,False
الشركة الأهلية الذهيبات للخدمات الفلاحية شركة أهلية محلية,فلاحة/ صيد و الخدمات المتصلة بها,الذهيبات,القيروان,العلاء,العلا,محلية,الشركه الذهيبات للخدمات الفلاحيه شركه اهليه محليه,100.0,116,True,الشركة الأهلية الذهيبات للخدمات الفلاحية شركة أهلية محلية,1834716A,1834716A,القيروان,العلا,12000,شركة أهلية محلية,https://trovit.tn/charika/1834716A,True,False
فخمة وان شركة أهلية محلية,فلاحة/ صيد و الخدمات المتصلة بها,الخضراء,القيروان,القيروان الجنوبية,المنصورة الشمالية,محلية,فخمه وان شركه اهليه محليه,100.0,123,True,فخمة وان شركة أهلية محلية,1827499T,1827499T,تونس,القيروان الجنوبية,257000,شركة أهلية محلية,https://trovit.tn/charika/1827499T,True,False
الشركة الأهلية المحلية الزهراء,فلاحة/ صيد و الخدمات المتصلة بها,القرين,القيروان,الشبيكة,الجواودة,محلية,الشركه الزهراء,100.0,59,True,الشركة الأهلية المحلية الزهراء,1887870A,1887870A,القيروان,الشبيكة,57000,شركة أهلية محلية,https://trovit.tn/charika/1887870A,True,False
الشركة الاهلية المحلية كنعان الأنشطة الفلاحية,تربية الحيوانات,الخضراء عرقوب الخضراء,القيروان,القيروان الجنوبية,المنصورة الشمالية,محلية,الشركه كنعان الانشطه الفلاحيه,76.92307692307692,49,True,الشركة الأهلية المحلية الريادة الفلاحية,1901072N,1901072N,سيدي بوزيد,منزل بوزيان,10000,شركة أهلية محلية,https://trovit.tn/charika/1901072N,False,False
الشركة الاهلية المحلية معروف,تربية الدواجن,معروف قصر اللمسة,القيروان,الوسلاتية,الوسلاتية الشرقية,محلية,الشركه معروف,72.0,52,True,الشركة الأهلية المحلية الصمود,1889813Z,1889813Z,سيدي بوزيد,سيدي بوزيد الغربية,10000,شركة أهلية محلية,https://trovit.tn/charika/1889813Z,False,False
الشركة الأهلية المحلية السنبلة الذهبية بالمخصومة,زراعة,الخصومة ب8 رقادة,القيروان,القيروان الجنوبية,المنصورة الشمالية,محلية,الشركه السنبله الذهبيه بالمخصومه,100.0,38,True,الشركة الأهلية المحلية السنبلة الذهبية بالمخصومة,1913690Z,1913690Z,القيروان,القيروان الجنوبية,13000,شركة أهلية محلية,https://trovit.tn/charika/1913690Z,True,False
الشركة الأهلية المحلية بئر السلايمية,زراعة,بئر السلايمية,القيروان,نصر اللّه,نصر اللّه المركز,محلية,الشركه بير السلايميه,78.78787878787878,62,True,الشركة الأهلية المحلية السلام,1882403D,1882403D,سليانة,بو عرادة,10000,شركة أهلية محلية,https://trovit.tn/charika/1882403D,False,False
الشركة الأهلية المحلية الفلاحية الشباب و التنمية,زراعة,حي الرياض منزل المهيري,القيروان,نصر اللّه,نصر اللّه المركز,محلية,الشركه الفلاحيه الشباب و التنميه,100.0,129,True,الشركة الأهلية المحلية الفلاحية الشباب و التنمية,1823244D,1823244D,تونس,نصرالله,14250,شركة أهلية محلية,https://trovit.tn/charika/1823244D,True,False
الشركة الأهلية المحلية زهرة الحياة,فلاحة / صيد و الخدمات المتصلة بها,حمام الخضراء ب3 عرقوب الخضراء,القيروان,القيروان الجنوبية,المنصورة الشمالية,محلية,الشركه زهره الحياه,81.08108108108108,73,True,الشركة الأهلية المحلية زهرة الجديدي,1883252L,1883252L,باجة,مجاز الباب,10000,شركة أهلية محلية,https://trovit.tn/charika/1883252L,False,False
الشركة الاهلية المحلية الشواشي للخدمات الفلاحية,فلاحة / صيد و الخدمات المتصلة بها,الشواشي,القيروان,حاجب العيون,الحاجب المركز,محلية,الشركه الشواشي للخدمات الفلاحيه,77.41935483870968,137,True,الشركة الأهلية المحلية للخدمات الفلاحية النوائل,1806830T,1806830T,سيدي بوزيد,بير  الحفي,44000,شركة أهلية محلية,https://trovit.tn/charika/1806830T,False,False
الشركة الاهلية المحلية اولاد خليف اقرو,فلاحة / صيد و الخدمات المتصلة بها,أولاد خلف الله,القيروان,حفوز,حفوز المركز,محلية,الشركه اولاد خليف اقرو,68.42105263157895,74,True,الشركة الأهلية المحلية قرين أقرو,1886864Y,1886864Y,قابس,الحامة,54000,شركة أهلية محلية,https://trovit.tn/charika/1886864Y,False,False
الشركة الاهلية المحلية بسيسب للخدمات الفلاحية,فلاحة / صيد و الخدمات المتصلة بها,سيسب,القيروان,السبيخة,السبيخة المركز,محلية,الشركه بسيسب للخدمات الفلاحيه,100.0,132,True,الشركة الاهلية المحلية بسيسب للخدمات الفلاحية,1816740Y,1816740Y,تونس,السبيخة,10000,شركة أهلية محلية,https://trovit.tn/charika/1816740Y,True,False
الشركة الأهلية المحلية الازدهار,فلاحة / صيد و الخدمات المتصلة بها,وادي القصاب,القيروان,الوسلاتية,الوسلاتية الشرقية,محلية,الشركه الازدهار,82.75862068965517,59,True,الشركة الأهلية المحلية الزهراء,1887870A,1887870A,القيروان,الشبيكة,57000,شركة أهلية محلية,https://trovit.tn/charika/1887870A,False,False
الشركة الاهلية المحلية للتربية و التعليم الأغالبة,التعليم الثانوي,نهج سكينة بنت الحسين الطابق1,القيروان,القيروان الجنوبية,المنصورة الشمالية,محلية,الشركه للتربيه و التعليم الاغالبه,100.0,25,True,الشركة الاهلية المحلية للتربية و التعليم الأغالبة,1924481B,1924481B,القيروان,القيروان الجنوبية,10000,شركة أهلية محلية,https://trovit.tn/charika/1924481B,True,False
شركة بير مرجان للفلاحة العصرية,تربية الحيوانات,عين كرمة 2 طابية,الكاف,ساقية سيدي يوسف,ساقية سيدي يوسف,محلية,شركه بير مرجان للفلاحه العصريه,65.67164179104478,76,True,شركة الإرادة للفلاحة شركة أهلية محلية,1863054W,1863054W,صفاقس,العامرة,10000,شركة أهلية محلية,https://trovit.tn/charika/1863054W,False,False
الشركة الأهلية الجهوية بركة الكاف,زراعة,حي علي بن خليفة,الكاف,الجريصة,الجريصة المركزية,جهوية,الشركه بركه الكاف,76.47058823529412,91,True,الشركة الأهلية المحلية جبل الكبار,1874386Z,1874386Z,سيدي بوزيد,سيدي بوزيد الغربية,10000,شركة أهلية محلية,https://trovit.tn/charika/1874386Z,False,False
الشركة الأهلية المحلية بيوفالي بسيدي أحمد الصالح,فلاحة / صيد و الخدمات المتصلة بها,سيدي أحمد صالح,الكاف,القلعة الخصباء,القلعة الخصباء,محلية,الشركه بيوفالي بسيدي احمد الصالح,100.0,99,True,الشركة الأهلية المحلية بيوفالي بسيدي أحمد الصالح,1862601X,1862601X,الكاف,القلعة الخصبة,10000,شركة أهلية محلية,https://trovit.tn/charika/1862601X,True,False
الشركة الأهلية المحلية لزيتون اللاس,فلاحة / صيد و الخدمات المتصلة بها,اللاس,الكاف,السرس,السرس الشمالية,محلية,الشركه لزيتون اللاس,100.0,67,True,الشركة الأهلية المحلية لزيتون اللاس,1886679Z,1886679Z,الكاف,السرس,10600,شركة أهلية محلية,https://trovit.tn/charika/1886679Z,True,False
الشركة الأهلية المحلية للخدمات الفلاحية بالدهماني و القصور,فلاحة / صيد و الخدمات المتصلة بها,شارع الجمهورية,الكاف,القصور,القصور,محلية,الشركه للخدمات الفلاحيه بالدهماني و القصور,79.45205479452055,137,True,الشركة الأهلية المحلية للخدمات الفلاحية النوائل,1806830T,1806830T,سيدي بوزيد,بير  الحفي,44000,شركة أهلية محلية,https://trovit.tn/charika/1806830T,False,False
الظريف لخدمات النقل شركة أهلية جهوية,خدمات ملحقة بالنقل,الحي التاسع عدد 126,المنستير,المنستير,المدينة,جهوية,الظريف لخدمات النقل شركه اهليه جهويه,100.0,2,True,الظريف لخدمات النقل شركة أهلية جهوية,1879535Q,1879535Q,المنستير,المنستير,22800,شركة أهلية جهوية,https://trovit.tn/charika/1879535Q,True,False
شركة خدمات النقل غير المنتظم التفاني شركة أهلية جهوية,خدمات ملحقة بالنقل,المحطة,المنستير,جمال,جمال الشرقية,محلية,شركه خدمات النقل غير المنتظم التفاني شركه اهليه جهويه,100.0,4,True,شركة خدمات النقل غير المنتظم التفاني شركة أهلية جهوية,1885983A,1885983A,المنستير,جمال,24000,شركة أهلية جهوية,https://trovit.tn/charika/1885983A,True,False
الشركة الاهلية المحلية للنقل الزهد,أنواع نقل طريقي أخرى للمسافرين,نهج الفاضلين,المنستير,طبلبة,حومة السوق,محلية,الشركه للنقل الزهد,100.0,28,True,الشركة الاهلية المحلية للنقل الزهد,1921945A,1921945A,المنستير,طبلبة,12500,شركة أهلية محلية,https://trovit.tn/charika/1921945A,True,False
الشركة الأهلية المحلية لتنمية الصناعات التقليدية بالساحلين,تجارة مصنوعات تقليدية متنوعة بالتفصيل,شارع فرحات حشاد المندرة,المنستير,الساحلين,الساحلين الشرقية,محلية,الشركه لتنميه الصناعات التقليديه بالساحلين,100.0,55,True,الشركة الأهلية المحلية لتنمية الصناعات التقليدية بالساحلين,1889159R,1889159R,المنستير,الساحلين,10000,شركة أهلية محلية,https://trovit.tn/charika/1889159R,True,False
الشركة الأهلية المحلية الشملالي,زراعة مقترنة بتربية الحيوانات,نهج الشهداء المزاوغة,المنستير,زرمدين,زرمدين الشمالية,محلية,الشركه الشملالي,76.47058823529412,67,True,الشركة الأهلية المحلية لزيتون اللاس,1886679Z,1886679Z,الكاف,السرس,10600,شركة أهلية محلية,https://trovit.tn/charika/1886679Z,False,False
شركة الاقتصاد الدائري للكربون شركة أهلية جهوية,التطهير وتنظيف الطرقات و التصرف في الفضلات,8 نهج محمد المستيري,المنستير,طبلبة,حومة السوق,جهوية,شركه الاقتصاد الدايري للكربون شركه اهليه جهويه,100.0,6,True,شركة الاقتصاد الدائري للكربون شركة أهلية جهوية,1862833M,1862833M,تونس,طبلبة,21600,شركة أهلية جهوية,https://trovit.tn/charika/1862833M,True,False
المبادرة لخدمات النقل العمومي غير المنتظم شركة أهلية جهوية,خدمات ملحقة بالنقل,شارع 13 أوت,المهدية,قصور الساف,قصور الساف الرياض,جهوية,المبادره لخدمات النقل العمومي غير المنتظم شركه اهليه جهويه,70.2127659574468,2,True,الظريف لخدمات النقل شركة أهلية جهوية,1879535Q,1879535Q,المنستير,المنستير,22800,شركة أهلية جهوية,https://trovit.tn/charika/1879535Q,False,False
الشركة الاهلية المحلية برج خديجة للتنمية الثقافية و السياحية,أنشطة ترفيهية و ثقافية و رياضية,نهج المغرب,المهدية,الشابة,الشابة الشمالية,محلية,الشركه برج خديجه للتنميه الثقافيه و السياحيه,100.0,94,True,الشركة الاهلية المحلية برج خديجة للتنمية الثقافية و السياحية,1820630X,1820630X,المهدية,الشابة,106000,شركة أهلية محلية,https://trovit.tn/charika/1820630X,True,False
شركة ألكا محيط لرسكلة النفايات شركة اهلية محلية,إسترداد المواد المستعملة,بني ثابت,المهدية,الجم,المرابطين,جهوية,شركه الكا محيط لرسكله النفايات شركه اهليه محليه,100.0,37,True,شركة ألكا محيط لرسكلة النفايات شركة اهلية محلية,1911256A,1911256A,المهدية,الجم,10000,شركة أهلية محلية,https://trovit.tn/charika/1911256A,True,False
الشركة ألأهلية الإتحاد أولاد جابالله,فلاحة / صيد و الخدمات المتصلة بها,أولاد جاب الله,المهدية,ملولش,ملولش,محلية,الشركه الاتحاد اولاد جابالله,100.0,139,True,الشركة ألأهلية الإتحاد أولاد جابالله,1804963Y,1804963Y,المهدية,ملولش,60000,شركة أهلية محلية,https://trovit.tn/charika/1804963Y,True,False
الشركة الأهلية المحلية الماسة للفلاحة المندمجة,فلاحة / صيد و الخدمات المتصلة بها,الحي الصناعي,المهدية,السواسي,السواسي,محلية,الشركه الماسه للفلاحه المندمجه,74.50980392156863,89,True,الشركة الأهلية المحلية بنمسلم للفلاحة,1867785T,1867785T,باجة,قبلاط,10000,شركة أهلية محلية,https://trovit.tn/charika/1867785T,False,False
الشركة الاهلية المحلية البلام بالشابة,فلاحة / صيد و الخدمات المتصلة بها,نهج الخذر بن حسين,المهدية,الشابة,الشابة الشمالية,محلية,الشركه البلام بالشابه,100.0,130,True,الشركة الاهلية المحلية البلام بالشابة,1822949C,1822949C,تونس,الشابة,58000,شركة أهلية محلية,https://trovit.tn/charika/1822949C,True,False
الشركة الأهلية المحلية النور بالسواسي,فلاحة / صيد و الخدمات المتصلة بها,طريق السواسي-الجم,المهدية,السواسي,السواسي,محلية,الشركه النور بالسواسي,100.0,112,True,الشركة الأهلية المحلية النور بالسواسي,1837708N,1837708N,المهدية,السواسي,10000,شركة أهلية محلية,https://trovit.tn/charika/1837708N,True,False
الشركة الأهلية المحلية ريحانة,حراجة / إستغلال الغابات,كاب نقرو,باجة,نفزة,كاب نقرو,محلية,الشركه ريحانه,72.0,45,True,الشركة الاهلية المحلية النصر,1878153A,1878153A,صفاقس,جبنيانة,10300,شركة أهلية محلية,https://trovit.tn/charika/1878153A,False,False
المسيد للسياحة الايكولوجية شركة أهلية محلية,أنشطة ترفيهية و ثقافية و رياضية,الجميلة,باجة,نفزة,الجميلة,محلية,المسيد للسياحه الايكولوجيه شركه اهليه محليه,76.54320987654322,121,True,المالوسي لصناعة الآجر شركة أهلية محلية,1830277F,1830277F,سيدي بوزيد,منزل بوزيان,10000,شركة أهلية محلية,https://trovit.tn/charika/1830277F,False,False
الشركة الأهلية الجهوية لحرف المكفوفين بباجة,صنع منتجات متنوعة من الخشب أو من الفلين (الخفاف) أو من القصب,شارع البيئة الحي الإداري سيدي اسماعيل,باجة,باجة الجنوبية,زهرة مدين,جهوية,الشركه لحرف المكفوفين بباجه,63.63636363636363,3,True,الشركة الأهلية الجهوية ثمار الوطن,1888626T,1888626T,قفصة,قفصة الجنوبية,20000,شركة أهلية جهوية,https://trovit.tn/charika/1888626T,False,False
شركة السلامة بقرام قبلاط,أنشطة خدمات ملحقة بالزراعات المحاصلية,قرام,باجة,قبلاط,قبلاط,محلية,شركه السلامه بقرام قبلاط,66.66666666666667,130,True,الشركة الاهلية المحلية البلام بالشابة,1822949C,1822949C,تونس,الشابة,58000,شركة أهلية محلية,https://trovit.tn/charika/1822949C,False,False
سواعد قبلاط,أنشطة خدمات ملحقة بالزراعات المحاصلية,العقلة,باجة,قبلاط,قبلاط,محلية,سواعد قبلاط,48.275862068965516,86,True,الشركة الاهلية المحلية خيرات قبلاط,1866813A,1866813A,باجة,قبلاط,10000,شركة أهلية محلية,https://trovit.tn/charika/1866813A,False,False
باش حامبة الخير شركة أهلية محلية,زراعة,حي باش حامبة القريعات,باجة,مجاز الباب,القريعات,محلية,باش حامبه الخير شركه اهليه محليه,76.66666666666666,138,True,حلم الزوارع شركة أهلية محلية,1805848A,1805848A,باجة,نفزة,10000,شركة أهلية محلية,https://trovit.tn/charika/1805848A,False,False
بركة الفدان شركة أهلية محلية,زراعة النباتات الصناعية,فدان السوق 9046,باجة,تبرسق,فدان السوق,جهوية,بركه الفدان شركه اهليه محليه,100.0,51,True,بركة الفدان شركة أهلية محلية,1899529D,1899529D,باجة,تبرسق,10000,شركة أهلية محلية,https://trovit.tn/charika/1899529D,True,False
سوا أجريفوتور شركة الأهلية المحلية,فلاحة / صيد و الخدمات المتصلة بها,حي الهادي شاكر,باجة,مجاز الباب,مجاز الباب المدينة,محلية,سوا اجريفوتور شركه,58.06451612903225,23,True,الشركة الاهلية المحلية الأريج,1924807D,1924807D,سيدي بوزيد,جلمة,10000,شركة أهلية محلية,https://trovit.tn/charika/1924807D,False,False
الشركة الأهلية المحلية سهول غانم,فلاحة / صيد و الخدمات المتصلة بها,توكابر,باجة,مجاز الباب,توكابر,محلية,الشركه سهول غانم,64.70588235294117,131,True,الشركة الاهلية المحلية فلاح سبيطلة,1822253A,1822253A,القصرين,سبيطلة,10000,شركة أهلية محلية,https://trovit.tn/charika/1822253A,False,False
الشركة الأهلية المحلية التوازن مجاز الباب,فلاحة / صيد و الخدمات المتصلة بها,طريق باجة,باجة,مجاز الباب,مجاز الباب المدينة,محلية,الشركه التوازن مجاز الباب,67.85714285714286,15,True,الشركة الاهلية الجهوية البيارق للانتاج الحيواني,1835385F,1835385F,تطاوين,تطاوين الشمالية,20000,شركة أهلية جهوية,https://trovit.tn/charika/1835385F,False,False
الشركة الاهلية المحلية باولاد سلامة تستور,فلاحة / صيد و الخدمات المتصلة بها,أولاد سلامة,باجة,تستور,أولاد سلامة,محلية,الشركه باولاد سلامه تستور,100.0,103,True,الشركة الاهلية المحلية باولاد سلامة تستور,1857352Q,1857352Q,باجة,تستور,15000,شركة أهلية محلية,https://trovit.tn/charika/1857352Q,True,False
الجنة المخفية شركة أهلية محلية,فلاحة / صيد و الخدمات المتصلة بها,محضنة المؤسسات,باجة,باجة الشمالية,باجة,جهوية,الجنه المخفيه شركه اهليه محليه,100.0,78,True,الجنة المخفية شركة أهلية محلية,1879810Q,1879810Q,باجة,باجة الشمالية,10200,شركة أهلية محلية,https://trovit.tn/charika/1879810Q,True,False
الشركة الأهلية المحلية زهرة الجديدي,فلاحة / صيد و الخدمات المتصلة بها,سيدي أحمد الجديدي,باجة,مجاز الباب,مجاز الباب المدينة,محلية,الشركه زهره الجديدي,100.0,73,True,الشركة الأهلية المحلية زهرة الجديدي,1883252L,1883252L,باجة,مجاز الباب,10000,شركة أهلية محلية,https://trovit.tn/charika/1883252L,True,False
توكا بلي دور شركة أهلية محلية,فلاحة / صيد و الخدمات المتصلة بها,توكابر,باجة,مجاز الباب,توكابر,محلية,توكا بلي دور شركه اهليه محليه,100.0,81,True,توكا بلي دور شركة أهلية محلية,1879706R,1879706R,باجة,مجاز الباب,10000,شركة أهلية محلية,https://trovit.tn/charika/1879706R,True,False
كاف هدوم شركة أهلية محلية,أنشطة ترفيهية و ثقافية و رياضية,عين جمالة,باجة,تبرسق,عين جمالة,جهوية,كاف هدوم شركه اهليه محليه,100.0,93,True,كاف هدوم شركة أهلية محلية,1876023G,1876023G,باجة,تبرسق,10000,شركة أهلية محلية,https://trovit.tn/charika/1876023G,True,False
جنان فاقا شركة أهلية جهوية,فلاحة / صيد و الخدمات المتصلة بها,حي الحرفيين,باجة,قبلاط,قبلاط,محلية,جنان فاقا شركه اهليه جهويه,75.47169811320755,68,True,جنان جيوفي شركة أهلية محلية,1888979S,1888979S,زغوان,بير المشارقة,10000,شركة أهلية محلية,https://trovit.tn/charika/1888979S,False,False
شركة الإمتياز بقبلاط شركة أهلية محلية,زراعة,الخرايسية القمرتي,باجة,قبلاط,قبلاط,محلية,شركه الامتياز بقبلاط شركه اهليه محليه,100.0,101,True,شركة الإمتياز بقبلاط شركة أهلية محلية,1859076Y,1859076Y,باجة,قبلاط,10000,شركة أهلية محلية,https://trovit.tn/charika/1859076Y,True,False
الشركة الاهلية المحلية خيرات قبلاط,فلاحة / صيد و الخدمات المتصلة بها,الطريفة,باجة,قبلاط,قبلاط,محلية,الشركه خيرات قبلاط,100.0,86,True,الشركة الاهلية المحلية خيرات قبلاط,1866813A,1866813A,باجة,قبلاط,10000,شركة أهلية محلية,https://trovit.tn/charika/1866813A,True,False
استثمارات سيدي اسماعيل شركة اهلية محلية,زراعة,شارع فرنسا عوني سنتر الطابق 3 ب7,باجة,باجة الجنوبية,زهرة مدين,محلية,استثمارات سيدي اسماعيل شركه اهليه محليه,100.0,27,True,استثمارات سيدي اسماعيل شركة اهلية محلية,1924428W,1924428W,باجة,باجة الجنوبية,10000,شركة أهلية محلية,https://trovit.tn/charika/1924428W,True,False
الشركة الأهلية المحلية سبيل البركة قبلاط,فلاحة / صيد و الخدمات المتصلة بها,نهج قرام,باجة,قبلاط,قبلاط,محلية,الشركه سبيل البركه قبلاط,100.0,65,True,الشركة الأهلية المحلية سبيل البركة قبلاط,1869527K,1869527K,باجة,قبلاط,11200,شركة أهلية محلية,https://trovit.tn/charika/1869527K,True,False
الشركة الأهلية المحلية بنمسلم للفلاحة,فلاحة / صيد و الخدمات المتصلة بها,شارع البيئة,باجة,قبلاط,قبلاط,محلية,الشركه بنمسلم للفلاحه,100.0,89,True,الشركة الأهلية المحلية بنمسلم للفلاحة,1867785T,1867785T,باجة,قبلاط,10000,شركة أهلية محلية,https://trovit.tn/charika/1867785T,True,False
غانم الخير شركة أهلية محلية,فلاحة / صيد و الخدمات المتصلة بها,غانم الصغير توكابر,باجة,مجاز الباب,توكابر,محلية,غانم الخير شركه اهليه محليه,100.0,63,True,غانم الخير شركة أهلية محلية,1882978Q,1882978Q,باجة,مجاز الباب,10000,شركة أهلية محلية,https://trovit.tn/charika/1882978Q,True,False
حلم الزوارع شركة أهلية محلية,أنشطة ترفيهية,وشتاتة,باجة,نفزة,وشتاتة,محلية,حلم الزوارع شركه اهليه محليه,100.0,138,True,حلم الزوارع شركة أهلية محلية,1805848A,1805848A,باجة,نفزة,10000,شركة أهلية محلية,https://trovit.tn/charika/1805848A,True,False
غانم الخير شركة أهلية محلية,فلاحة / صيد و الخدمات المتصلة بها,غانم الصغير توكابر,باجة,مجاز الباب,توكابر,محلية,غانم الخير شركه اهليه محليه,100.0,63,True,غانم الخير شركة أهلية محلية,1882978Q,1882978Q,باجة,مجاز الباب,10000,شركة أهلية محلية,https://trovit.tn/charika/1882978Q,True,False
حلم الزوارع شركة أهلية محلية,أنشطة ترفيهية,وشتاتة,باجة,نفزة,وشتاتة,محلية,حلم الزوارع شركه اهليه محليه,100.0,138,True,حلم الزوارع شركة أهلية محلية,1805848A,1805848A,باجة,نفزة,10000,شركة أهلية محلية,https://trovit.tn/charika/1805848A,True,False
بارك مقرنوا شركة اهلية محلية,أنشطة ترفيهية و ثقافية و رياضية,عدد 12 نهج البندقية مقرين الجوهرة,بن عروس,مقرين,جوهرة,محلية,بارك مقرنوا شركه اهليه محليه,100.0,77,True,بارك مقرنوا شركة اهلية محلية,1876809K,1876809K,بنعروس,مقرين,10000,شركة أهلية محلية,https://trovit.tn/charika/1876809K,True,False
الشركة الأهلية المحلية أوذنة للخدمات,أنشطة ترفيهية و ثقافية و رياضية,فرش العنابي الخليدية,بن عروس,مرناق,الخليلدية,محلية,الشركه اوذنه للخدمات,75.0,42,True,الشركة الأهلية المحلية للخدمات العامة بقرقنة,1911725J,1911725J,صفاقس,قرقنة,10000,شركة أهلية محلية,https://trovit.tn/charika/1911725J,False,False
بيوغاز تثمين شركة اهلية جهوية,إنتاج و توزيع الكهرباء و الغاز و الحرارة,اقامة ابن رشد بناية أ عمارة 1 المروج1,بن عروس,المروج,المروج (1),محلية,بيوغاز تثمين شركه اهليه جهويه,64.0,9,True,شركة الاهلية تقمودا للنقل بسيدي بوزيد شركة أهلية جهوية,1847613M,1847613M,سيدي بوزيد,سيدي بوزيد الغربية,20000,شركة أهلية جهوية,https://trovit.tn/charika/1847613M,False,False
الشركة الاهلية المحلية للثقافة والترفيه والسياحة القباب,أنشطة ترفيهية,الطريق الوطنية عدد 1برج سدرية,بن عروس,حمام الشط,حمام الشط,جهوية,الشركه للثقافه والترفيه والسياحه القباب,100.0,92,True,الشركة الاهلية المحلية للثقافة والترفيه والسياحة القباب,1873417J,1873417J,بنعروس,حمام الشط,10000,شركة أهلية محلية,https://trovit.tn/charika/1873417J,True,False
الشركة الأهليه المحلية بير ماطر,صناعة/ صنع أغذية الحيوانات,عدد 5 شارع طه حسين,بنزرت,ماطر,ماطر,محلية,الشركه بير ماطر,100.0,60,True,الشركة الأهليه المحلية بير ماطر,1874307H,1874307H,تونس,ماطر,10600,شركة أهلية محلية,https://trovit.tn/charika/1874307H,True,False
الشركة الأهلية المحلية الفلاحية المستقبل,فلاحة / صيد و الخدمات المتصلة بها,هنشير الشرقية,بنزرت,سجنان,سجنان,محلية,الشركه الفلاحيه المستقبل,100.0,22,True,الشركة الأهلية المحلية الفلاحية المستقبل,1902179D,1902179D,بنزرت,سجنان,10000,شركة أهلية محلية,https://trovit.tn/charika/1902179D,True,False
الشركة الأهلية المحلية الوفرة للفلاحة,زراعة,سيدي عثمان,بنزرت,أوتيك,أوتيك,محلية,الشركه الوفره للفلاحه,76.19047619047619,89,True,الشركة الأهلية المحلية بنمسلم للفلاحة,1867785T,1867785T,باجة,قبلاط,10000,شركة أهلية محلية,https://trovit.tn/charika/1867785T,False,False
الشركة الاهلية المحلية عين مازر,فلاحة / صيد و الخدمات المتصلة بها,الحدادين بازينة,بنزرت,جومين,بازينة,جهوية,الشركه عين مازر,100.0,118,True,الشركة الاهلية المحلية عين مازر,1833310B,1833310B,تونس,جومين,10000,شركة أهلية محلية,https://trovit.tn/charika/1833310B,True,False
ايكو كلين بيزارتا شركة أهلية جهوية,التطهير وتنظيف الطرقات و التصرف في الفضلات,11 نهج اسطنبول,بنزرت,بنزرت الشمالية,المدينة,جهوية,ايكو كلين بيزارتا شركه اهليه جهويه,67.5,9,True,شركة الاهلية تقمودا للنقل بسيدي بوزيد شركة أهلية جهوية,1847613M,1847613M,سيدي بوزيد,سيدي بوزيد الغربية,20000,شركة أهلية جهوية,https://trovit.tn/charika/1847613M,False,False
الشركة الأهلية المحلية الفلاحية ابن عرفة غمراسن,فلاحة/ صيد و الخدمات المتصلة بها,نهج 18 جانفي,تطاوين,غمراسن,غمراسن,محلية,الشركه الفلاحيه ابن عرفه غمراسن,100.0,82,True,الشركة الأهلية المحلية الفلاحية ابن عرفة غمراسن,1880854V,1880854V,تطاوين,غمراسن,10000,شركة أهلية محلية,https://trovit.tn/charika/1880854V,True,False
الشركة الاهلية الجهوية بلقاء للحوم,أصناف أخرى من تجارة الجملة,الخاتمة تطاوين,تطاوين,تطاوين الشمالية,النزهة,محلية,الشركه بلقاء للحوم,100.0,13,True,الشركة الاهلية الجهوية بلقاء للحوم,1836939Y,1836939Y,تطاوين,تطاوين الشمالية,20000,شركة أهلية جهوية,https://trovit.tn/charika/1836939Y,True,False
الشركة الاهلية الجهوية البيارق للانتاج الحيواني,تربية الحيوانات,الخاتمة تطاوين,تطاوين,تطاوين الشمالية,النزهة,محلية,الشركه البيارق للانتاج الحيواني,100.0,15,True,الشركة الاهلية الجهوية البيارق للانتاج الحيواني,1835385F,1835385F,تطاوين,تطاوين الشمالية,20000,شركة أهلية جهوية,https://trovit.tn/charika/1835385F,True,False
الشركة الاهلية المحلية مراعي الوطن,تربية الحيوانات,كمبوت رمادة,تطاوين,رمادة,رمادة الشرقية,محلية,الشركه مراعي الوطن,85.71428571428572,3,True,الشركة الأهلية الجهوية ثمار الوطن,1888626T,1888626T,قفصة,قفصة الجنوبية,20000,شركة أهلية جهوية,https://trovit.tn/charika/1888626T,False,True
الشركة الاهلية الجهوية سقيا للزراعات,زراعة,الخاتمة تطاوين,تطاوين,تطاوين الشمالية,النزهة,محلية,الشركه سقيا للزراعات,100.0,12,True,الشركة الاهلية الجهوية سقيا للزراعات,1838264K,1838264K,تطاوين,تطاوين الشمالية,20000,شركة أهلية جهوية,https://trovit.tn/charika/1838264K,True,False
الشركة الاهلية الجهوية الصحاري للجبس بتطاوين,صناعات تحويلية (معملية),الهادي شاكر تطاوين,تطاوين,تطاوين الشمالية,النزهة,محلية,الشركه الصحاري للجبس بتطاوين,100.0,14,True,الشركة الاهلية الجهوية الصحاري للجبس بتطاوين,1835936Q,1835936Q,تطاوين,تطاوين الشمالية,20800,شركة أهلية جهوية,https://trovit.tn/charika/1835936Q,True,False
شركة الاهلية الجهوية الماسة للطاقة (في طور التصفية ),خدمات جماعية و إجتماعية و شخصية,الخاتمة تطاوين,تطاوين,تطاوين الشمالية,النزهة,محلية,شركه الماسه للطاقه في طور التصفيه,70.58823529411764,11,True,شركة الاهلية الجهوية الماسة للطاقة,1838680Y,1838680Y,تطاوين,تطاوين الشمالية,20000,شركة أهلية جهوية,https://trovit.tn/charika/1838680Y,False,False
الشركة الاهلية الجهوية حرائر الواحة بتوزر,صناعات إستخراجية أخرى,طريق الحامة,توزر,توزر,مسغونة,محلية,الشركه حراير الواحه بتوزر,65.3061224489796,66,True,الشركة الأهلية المحلية خابية الطلح بلخير,1886574Q,1886574Q,قفصة,بالخير,10000,شركة أهلية محلية,https://trovit.tn/charika/1886574Q,False,False
الشركة الأهلية الجهوية الأقصى المبارك,خدمات ملحقة بالنقل,محطة النقل,توزر,توزر,مسغونة,جهوية,الشركه الاقصي المبارك,78.94736842105263,124,True,الشركة الاهلية المحلية أم الاقصاب,1827094A,1827094A,تونس,أم العرائس,10000,شركة أهلية محلية,https://trovit.tn/charika/1827094A,False,False
الشركة الأهلية الجهوية للنقل ابن شباط,النقل المنتظم للمسافرين,بن فرج الله,توزر,نفطة,الشافعي الشريف,جهوية,الشركه للنقل ابن شباط,71.7948717948718,28,True,الشركة الاهلية المحلية للنقل الزهد,1921945A,1921945A,المنستير,طبلبة,12500,شركة أهلية محلية,https://trovit.tn/charika/1921945A,False,False
الشركة الأهلية المحلية الكوفة للانتاج الحيواني,تربية الحيوانات,القطعاية,توزر,نفطة,الشافعي الشريف,جهوية,الشركه الكوفه للانتاج الحيواني,100.0,69,True,الشركة الأهلية المحلية الكوفة للانتاج الحيواني,1888526Q,1888526Q,توزر,نفطة,10000,شركة أهلية محلية,https://trovit.tn/charika/1888526Q,True,False
الشركة الأهلية المحلية العمارنة,تربية الحيوانات,صحراوي شتاوى,توزر,توزر,مسغونة,محلية,الشركه العمارنه,100.0,46,True,الشركة الأهلية المحلية العمارنة,1922864E,1922864E,توزر,توزر,10000,شركة أهلية محلية,https://trovit.tn/charika/1922864E,True,False
الشركة الأهلية المحلية كنوز الصحراء,تربية الحيوانات,حي النسيم,توزر,حزوة,حزوة,محلية,الشركه كنوز الصحراء,70.96774193548387,45,True,الشركة الاهلية المحلية النصر,1878153A,1878153A,صفاقس,جبنيانة,10300,شركة أهلية محلية,https://trovit.tn/charika/1878153A,False,False
الشركة الأهلية المحلية الغزال الذهبي حزوة,فلاحة / صيد و الخدمات المتصلة بها,شارع 20 مارس,توزر,حزوة ,حزوة,محلية,الشركه الغزال الذهبي حزوه,100.0,105,True,الشركة الأهلية المحلية الغزال الذهبي حزوة,1856324G,1856324G,تونس,حزوة,10000,شركة أهلية محلية,https://trovit.tn/charika/1856324G,True,False
الشركة الأهلية المحلية للتنمية بجهيم,فلاحة / صيد و الخدمات المتصلة بها,شتاوة,توزر,توزر,مسغونة,محلية,الشركه للتنميه بجهيم,100.0,108,True,الشركة الأهلية المحلية للتنمية بجهيم,1845431Z,1845431Z,توزر,توزر,13370,شركة أهلية محلية,https://trovit.tn/charika/1845431Z,True,False
الشركة الاهلية المحلية الأولى الأمل,فلاحة / صيد و الخدمات المتصلة بها,المنطقة السياحية,توزر,توزر,مسغونة,محلية,الشركه الاولي الامل,100.0,29,True,الشركة الاهلية المحلية الأولى الأمل,1914910W,1914910W,توزر,توزر,10600,شركة أهلية محلية,https://trovit.tn/charika/1914910W,True,False
الشركة الأهلية المحلية فيوندار الوردية,فلاحة/ تربية الأسماك و تفريخها,عدد 1 شارع بالفو,تونس,الوردية,الوردية,جهوية,الشركه فيوندار الورديه,100.0,97,True,الشركة الأهلية المحلية فيوندار الوردية,1866347V,1866347V,تونس,الوردية,11000,شركة أهلية محلية,https://trovit.tn/charika/1866347V,True,False
الشركة الأهلية الجهوية السلامة لخدمات سيارات الأجرة تاكسي جماعي بتونس الكبرى,خدمات ملحقة بالنقل,18 نهج لشب بن رهيلة الزهروني,تونس,الحرائرية,الحرايرية,جهوية,الشركه السلامه لخدمات سيارات الاجره تاكسي جماعي بتونس الكبري,53.84615384615385,44,True,الشركة الاهلية المحلية الفلاحية الازدهار بالدوارة أم العرائس,1905085L,1905085L,قفصة,أم العرائس,10000,شركة أهلية محلية,https://trovit.tn/charika/1905085L,False,False
الشركة الأهلية الجهوية صدربعل في حالة تصفية,خدمات ملحقة بالنقل,محطة لواج باب عليوة,تونس,باب البحر,باب البحر,جهوية,الشركه صدربعل في حاله تصفيه,58.82352941176471,22,True,الشركة الأهلية المحلية الفلاحية المستقبل,1902179D,1902179D,بنزرت,سجنان,10000,شركة أهلية محلية,https://trovit.tn/charika/1902179D,False,False
الشركة الأهلية الجهوية الفوز لخدمات سيارات الأجرة لواج بمحطة باب سعدون تونس,النقل المنتظم للمسافرين,50 شارع الحبيب بوقطفة الطابق 2,تونس,باردو,باردو,جهوية,الشركه الفوز لخدمات سيارات الاجره لواج بمحطه باب سعدون تونس,56.25,32,True,الشركة الاهلية المحلية المصير للخدمات و الانتاج ببرقو,1847104V,1847104V,سليانة,برقو,10000,شركة أهلية محلية,https://trovit.tn/charika/1847104V,False,False
الايمان للأعلاف شركة أهلية محلية,صناعة/ صنع أغذية الحيوانات,حي النصر,جندوبة,جندوبة,جندوبة الجنوبية,محلية,الايمان للاعلاف شركه اهليه محليه,75.36231884057972,76,True,شركة الإرادة للفلاحة شركة أهلية محلية,1863054W,1863054W,صفاقس,العامرة,10000,شركة أهلية محلية,https://trovit.tn/charika/1863054W,False,False
الشركة الأهلية المحلية قمرة الشمال,إستخراج الأحجار,راس الراجل,جندوبة,طبرقة,طبرقة,محلية,الشركه قمره الشمال,78.78787878787878,46,True,الشركة الأهلية المحلية العمارنة,1922864E,1922864E,توزر,توزر,10000,شركة أهلية محلية,https://trovit.tn/charika/1922864E,False,False
البلدي للمواد الإنشائية شركة أهلية محلية,إنتاج و توزيع الكهرباء و الغاز و الحرارة,نهج 20 مارس,جندوبة,بوسالم,بوسالم الشمالية,محلية,البلدي للمواد الانشاييه شركه اهليه محليه,100.0,40,True,البلدي للمواد الإنشائية شركة أهلية محلية,1917562J,1917562J,باجة,بو سالم,10000,شركة أهلية محلية,https://trovit.tn/charika/1917562J,True,False
س م ك لوكي للجلود و الاحذية شركة أهلية محلية,صنع الأحذية,شارع 9 أفريل,جندوبة,جندوبة,جندوبة الجنوبية,محلية,س م ك لوكي للجلود و الاحذيه شركه اهليه محليه,100.0,110,True,س م ك لوكي للجلود و الاحذية شركة أهلية محلية,1840925W,1840925W,جندوبة,جندوبة,10000,شركة أهلية محلية,https://trovit.tn/charika/1840925W,True,False
حلمه للنسيج شركة اهلية محلية,صنع الملابس من النسيج,محضنة المؤسسات جندوبة,جندوبة,جندوبة,جندوبة الجنوبية,محلية,حلمه للنسيج شركه اهليه محليه,100.0,107,True,حلمه للنسيج شركة اهلية محلية,1847147G,1847147G,جندوبة,جندوبة الشمالية,10000,شركة أهلية محلية,https://trovit.tn/charika/1847147G,True,False
مناحل طبرقة شركة أهلية محلية,تربية حيوانات أخرى,راس الراجل عين الصبح,جندوبة,طبرقة,طبرقة,محلية,مناحل طبرقه شركه اهليه محليه,75.47169811320755,123,True,فخمة وان شركة أهلية محلية,1827499T,1827499T,تونس,القيروان الجنوبية,257000,شركة أهلية محلية,https://trovit.tn/charika/1827499T,False,False
ماركيا للفلاحة و السياحة شركة أهلية محلية,زراعة,القلعة,جندوبة,غار الدماء,غار الدماء,محلية,ماركيا للفلاحه و السياحه شركه اهليه محليه,100.0,104,True,ماركيا للفلاحة و السياحة شركة  أهلية محلية,1857219L,1857219L,جندوبة,غار الدماء,10000,شركة أهلية محلية,https://trovit.tn/charika/1857219L,True,False
شركة الأهلية الجهوية بجندوبة الصفاء,فلاحة / صيد و الخدمات المتصلة بها,شارع 20 مارس,جندوبة,بوسالم,بوسالم الشمالية,محلية,شركه بجندوبه الصفاء,100.0,21,True,شركة الأهلية الجهوية بجندوبة الصفاء,1809691P,1809691P,جندوبة,بو سالم,21600,شركة أهلية جهوية,https://trovit.tn/charika/1809691P,True,False
الشركة الاهلية المحلية توبربو ماجوس,أنشطة ترفيهية,نهج محمد علي,زغوان,الفحص,الفحص,محلية,الشركه توبربو ماجوس,70.58823529411764,60,True,الشركة الأهليه المحلية بير ماطر,1874307H,1874307H,تونس,ماطر,10600,شركة أهلية محلية,https://trovit.tn/charika/1874307H,False,False
جنان جيوفي شركة أهلية محلية,أنشطة ترفيهية,شارع الحبيب بورقيبة,زغوان,بئر مشارقة,بئر مشارقة,محلية,جنان جيوفي شركه اهليه محليه,100.0,68,True,جنان جيوفي شركة أهلية محلية,1888979S,1888979S,زغوان,بير المشارقة,10000,شركة أهلية محلية,https://trovit.tn/charika/1888979S,True,False
الشركة الأهلية الجهوية رتاج للمنتوجات الغابية و الفلاحية,حراجة / إستغلال الغابات,بنت سعيدان,زغوان,الفحص,الفحص,محلية,الشركه رتاج للمنتوجات الغابيه و الفلاحيه,66.66666666666667,71,True,الشركة الأهلية المحلية الفلاحية القصبات الفحص,1888257N,1888257N,زغوان,الفحص,10000,شركة أهلية محلية,https://trovit.tn/charika/1888257N,False,False
الزيتونة الباهرة شركة أهلية جهوية,تربية الحيوانات,الحناينية,زغوان,الناظور,الناظور,محلية,الزيتونه الباهره شركه اهليه جهويه,69.56521739130434,2,True,الظريف لخدمات النقل شركة أهلية جهوية,1879535Q,1879535Q,المنستير,المنستير,22800,شركة أهلية جهوية,https://trovit.tn/charika/1879535Q,False,False
الشركة الأهلية المحلية الفلاحية القصبات الفحص,تربية الحيوانات,نهج السودان,زغوان,الفحص,الفحص,محلية,الشركه الفلاحيه القصبات الفحص,100.0,71,True,الشركة الأهلية المحلية الفلاحية القصبات الفحص,1888257N,1888257N,زغوان,الفحص,10000,شركة أهلية محلية,https://trovit.tn/charika/1888257N,True,False
الشركة الأهلية الجهوية للأعلاف و اللحوم,زراعة,10 نهج الطيب المهيري,زغوان,الفحص,الفحص,محلية,الشركه للاعلاف و اللحوم,100.0,0,True,الشركة الأهلية الجهوية للأعلاف و اللحوم,1885807J,1885807J,زغوان,الفحص,20000,شركة أهلية جهوية,https://trovit.tn/charika/1885807J,True,False
الشركة الأهلية المحلية الخير و البركة بالمقرن,زراعة الحبوب,الحي الجديد المقرن زغوان,زغوان,زغوان,زغوان المدينة,جهوية,الشركه الخير و البركه بالمقرن,72.0,136,True,شركة اهلية نور البركة,1812023G,1812023G,مدنين,جرجيس,10000,شركة أهلية محلية,https://trovit.tn/charika/1812023G,False,False
الشركة الأهلية المحلية صابة,فلاحة / صيد و الخدمات المتصلة بها,وادي الزيت,زغوان,زغوان,زغوان المدينة,محلية,الشركه صابه,72.0,58,True,الشركة الأهلية المحلية المصباح,1897688K,1897688K,سيدي بوزيد,سيدي بوزيد الغربية,10000,شركة أهلية محلية,https://trovit.tn/charika/1897688K,False,False
تيناس هنشير الخير شركة أهلية محلية,فلاحة / صيد و الخدمات المتصلة بها,زقيدان,زغوان,صواف,صواف الشرقية,محلية,تيناس هنشير الخير شركه اهليه محليه,100.0,85,True,تيناس هنشير الخير شركة أهلية محلية,1860521P,1860521P,بنعروس,صواف,15200,شركة أهلية محلية,https://trovit.tn/charika/1860521P,True,False
الشركة الأهلية المحلية سيريستي,فلاحة / صيد و الخدمات المتصلة بها,شيرش أولاد الزوابي,زغوان,الفحص,الفحص,محلية,الشركه سيريستي,100.0,115,True,الشركة الأهلية المحلية سيريستي,1835339Z,1835339Z,سليانة,الفحص,11200,شركة أهلية محلية,https://trovit.tn/charika/1835339Z,True,False
الشركة الأهلية الجهوية مبدعات زيكا,فلاحة / صيد و الخدمات المتصلة بها,نهج محمد علي,زغوان,الفحص,الفحص,محلية,الشركه مبدعات زيكا,100.0,8,True,الشركة الأهلية الجهوية مبدعات زيكا,1872973E,1872973E,زغوان,الفحص,28800,شركة أهلية جهوية,https://trovit.tn/charika/1872973E,True,False
الشركة الأهلية المحلية التعمير بالعمامرية,فلاحة/ صيد و الخدمات المتصلة بها,العمامرية,سليانة,بوعرادة,بوعرادة,محلية,الشركه التعمير بالعمامريه,100.0,111,True,الشركة الأهلية المحلية التعمير بالعمامرية,1837861X,1837861X,سليانة,بو عرادة,10000,شركة أهلية محلية,https://trovit.tn/charika/1837861X,True,False
الشركة الاهلية الجهوية الزامريجيا,فلاحة/ صيد و الخدمات المتصلة بها,نهج ابن ابي الضياف,سليانة,سليانة الجنوبية,سليانة الجنوبية,جهوية,الشركه الزامريجيا,100.0,18,True,الشركة الاهلية الجهوية الزامريجيا,1820136M,1820136M,سليانة,سليانة الجنوبية,20000,شركة أهلية جهوية,https://trovit.tn/charika/1820136M,True,False
شركة خيرات جبل برقو شركة أهلية محلية,فلاحة/ صيد و الخدمات المتصلة بها,عين بوسعدية,سليانة,برقو,برقو,محلية,شركه خيرات جبل برقو شركه اهليه محليه,100.0,96,True,شركة خيرات جبل برقو شركة أهلية محلية,1876730D,1876730D,سليانة,برقو,10000,شركة أهلية محلية,https://trovit.tn/charika/1876730D,True,False
التاج الفلاحي شركة الاهلية المحلية,فلاحة/ زراعة الحبوب,دار الجمعيات,سليانة,الكريب,الكريب الجنوبية,محلية,التاج الفلاحي شركه,70.96774193548387,23,True,الشركة الاهلية المحلية الأريج,1924807D,1924807D,سيدي بوزيد,جلمة,10000,شركة أهلية محلية,https://trovit.tn/charika/1924807D,False,False
جنان برقو للتنمية شركة أهلية محلية,حراجة / إستغلال الغابات,حي الزهور,سليانة,برقو,برقو,جهوية,جنان برقو للتنميه شركه اهليه محليه,100.0,98,True,جنان برقو للتنمية شركة أهلية محلية,1864007S,1864007S,سليانة,برقو,10000,شركة أهلية محلية,https://trovit.tn/charika/1864007S,True,False
الشركة الأهلية المحلية الخير و البركة بأميرة الجبال كسرى,فلاحة / صيد و الخدمات المتصلة بها,مجمع التنمية نهج بوعبدالله,سليانة,كسرى,كسرى,محلية,الشركه الخير و البركه باميره الجبال كسري,60.273972602739725,25,True,الشركة الاهلية المحلية للتربية و التعليم الأغالبة,1924481B,1924481B,القيروان,القيروان الجنوبية,10000,شركة أهلية محلية,https://trovit.tn/charika/1924481B,False,False
شركة ريحان لتربية الماشية والزراعات الكبرى شركة أهلية محلية,فلاحة / صيد و الخدمات المتصلة بها,عبد الستار الدريدي,سليانة,سليانة الجنوبية,سليانة الجنوبية,محلية,شركه ريحان لتربيه الماشيه والزراعات الكبري شركه اهليه محليه,100.0,122,True,شركة ريحان لتربية الماشية والزراعات الكبرى شركة أهلية محلية,1828566R,1828566R,سليانة,سليانة الجنوبية,10000,شركة أهلية محلية,https://trovit.tn/charika/1828566R,True,False
الشركة الأهلية المحلية السلام,فلاحة / صيد و الخدمات المتصلة بها,نهج اليمن,سليانة,بوعرادة,بوعرادة,محلية,الشركه السلام,100.0,62,True,الشركة الأهلية المحلية السلام,1882403D,1882403D,سليانة,بو عرادة,10000,شركة أهلية محلية,https://trovit.tn/charika/1882403D,True,False
الشركة الاهلية المحلية للإنتاج الجبلي بعين بوسعدية برقو,فلاحة / صيد و الخدمات المتصلة بها,عين بوسعدية,سليانة,برقو,برقو,محلية,الشركه للانتاج الجبلي بعين بوسعديه برقو,100.0,88,True,الشركة الاهلية المحلية للإنتاج الجبلي بعين بوسعدية برقو,1866943K,1866943K,سليانة,برقو,10000,شركة أهلية محلية,https://trovit.tn/charika/1866943K,True,False
الشركة الاهلية المحلية المصير للخدمات و الانتاج ببرقو,فلاحة / صيد و الخدمات المتصلة بها,نهج عبد النور اليحياوي,سليانة,برقو,برقو,محلية,الشركه المصير للخدمات و الانتاج ببرقو,100.0,32,True,الشركة الاهلية المحلية المصير للخدمات و الانتاج ببرقو,1847104V,1847104V,سليانة,برقو,10000,شركة أهلية محلية,https://trovit.tn/charika/1847104V,True,False
الشركة الأهلية المحلية منزل المحطة للفلاحة,فلاحة/ صيد و الخدمات المتصلة بها,منزل المحطة,سوسة,سيدي بوعلي,سيدي بوعلي,محلية,الشركه منزل المحطه للفلاحه,72.34042553191489,89,True,الشركة الأهلية المحلية بنمسلم للفلاحة,1867785T,1867785T,باجة,قبلاط,10000,شركة أهلية محلية,https://trovit.tn/charika/1867785T,False,False
الشركة الأهلية الجهوية أصالة للخدمات السريعة,خدمات ملحقة بالنقل,المثاليث عين الرحمة,سوسة,بوفيشة,بوفيشة,جهوية,الشركه اصاله للخدمات السريعه,70.37037037037037,70,True,الشركة الاهلية المحلية لخدمات الصيد البحري,1872655S,1872655S,صفاقس,العامرة,14200,شركة أهلية محلية,https://trovit.tn/charika/1872655S,False,False
الشركة الأهلية الجهوية أبو جعفر الأربصي لخدمات النقل بولاية سوسة,خدمات ملحقة بالنقل,ساحة الجلاء سوسة سهلول,سوسة,سوسة المدينة,محمد معروف,محلية,الشركه ابو جعفر الاربصي لخدمات النقل بولايه سوسه,59.74025974025974,132,True,الشركة الاهلية المحلية بسيسب للخدمات الفلاحية,1816740Y,1816740Y,تونس,السبيخة,10000,شركة أهلية محلية,https://trovit.tn/charika/1816740Y,False,False
الشركة الأهلية الجهوية أمل الساحل,فلاحة / صيد و الخدمات المتصلة بها,حي السلام,سوسة,النفيضة,النفيضة,جهوية,الشركه امل الساحل,76.47058823529412,124,True,الشركة الاهلية المحلية أم الاقصاب,1827094A,1827094A,تونس,أم العرائس,10000,شركة أهلية محلية,https://trovit.tn/charika/1827094A,False,False
الشركة الاهلية المحلية سيدي العابد,فلاحة / صيد و الخدمات المتصلة بها,أولاد بالليل قريميط,سوسة,النفيضة,النفيضة,محلية,الشركه سيدي العابد,66.66666666666667,46,True,الشركة الأهلية المحلية العمارنة,1922864E,1922864E,توزر,توزر,10000,شركة أهلية محلية,https://trovit.tn/charika/1922864E,False,False
الشركة الاهلية المحلية قصر البارود,فلاحة/ صيد و الخدمات المتصلة بها,شارع الطيب المتنبي,سيدي بوزيد,جلمة,جملة الشرقية,جهوية,الشركه قصر البارود,100.0,48,True,الشركة الاهلية المحلية قصر البارود,1902998H,1902998H,سيدي بوزيد,جلمة,10000,شركة أهلية محلية,https://trovit.tn/charika/1902998H,True,False
الشركة الأهلية المحلية للخدمات الفلاحية النوائل,فلاحة/ صيد و الخدمات المتصلة بها,النوائل الجديدة,سيدي بوزيد,بئر الحفي,بئر الحفي,جهوية,الشركه للخدمات الفلاحيه النوايل,100.0,137,True,الشركة الأهلية المحلية للخدمات الفلاحية النوائل,1806830T,1806830T,سيدي بوزيد,بير  الحفي,44000,شركة أهلية محلية,https://trovit.tn/charika/1806830T,True,False
الشركة الاهلية الجهوية جوهرة الرقاب للفلاحة,فلاحة/ صيد و الخدمات المتصلة بها,طريق المزونة كلم 3,سيدي بوزيد,الرقاب,الرقاب,محلية,الشركه جوهره الرقاب للفلاحه,100.0,17,True,الشركة الاهلية الجهوية جوهرة الرقاب للفلاحة,1827909Q,1827909Q,سيدي بوزيد,الرقاب,20000,شركة أهلية جهوية,https://trovit.tn/charika/1827909Q,True,False
الشركة الأهلية الجهوية عين رباو,فلاحة/ صيد و الخدمات المتصلة بها,الحوامد عين رباو,سيدي بوزيد,سيدي بوزيد الغربية,سيدي بوزيد الغربية,محلية,الشركه عين رباو,100.0,19,True,الشركة الأهلية الجهوية عين رباو,1819965C,1819965C,سيدي بوزيد,سيدي بوزيد الغربية,42390,شركة أهلية جهوية,https://trovit.tn/charika/1819965C,True,False
شركة الاهلية تقمودا للنقل بسيدي بوزيد شركة أهلية جهوية,النقل البرّي,حي الخضراء,سيدي بوزيد,سيدي بوزيد الغربية,سيدي بوزيد الغربية,جهوية,شركه تقمودا للنقل بسيدي بوزيد شركه اهليه جهويه,100.0,9,True,شركة الاهلية تقمودا للنقل بسيدي بوزيد شركة أهلية جهوية,1847613M,1847613M,سيدي بوزيد,سيدي بوزيد الغربية,20000,شركة أهلية جهوية,https://trovit.tn/charika/1847613M,True,False
المالوسي لصناعة الآجر شركة أهلية محلية,صنع القرميد و الآجر من الطين المشوي (الفخار),منزل بوزيان,سيدي بوزيد,منزل بوزيان,منزل بوزيان,محلية,المالوسي لصناعه الاجر شركه اهليه محليه,100.0,121,True,المالوسي لصناعة الآجر شركة أهلية محلية,1830277F,1830277F,سيدي بوزيد,منزل بوزيان,10000,شركة أهلية محلية,https://trovit.tn/charika/1830277F,True,False
الشركة الاهلية المحلية الصناعية عين بوهدمة بالمزونة,صناعة المطاط,طريق الصخيرة,سيدي بوزيد,المزونة,المزونة,جهوية,الشركه الصناعيه عين بوهدمه بالمزونه,61.01694915254237,43,True,الشركة الأهلية المحلية النموذجية النويقص,1906362S,1906362S,صفاقس,الصخيرة,11000,شركة أهلية محلية,https://trovit.tn/charika/1906362S,False,False
الشركة الأهلية المحلية قصر عبود,تربية الدواجن,الخشم الشرقية السعيدة,سيدي بوزيد,الرقاب,الرقاب,محلية,الشركه قصر عبود,100.0,72,True,الشركة الأهلية المحلية قصر عبود,1884184W,1884184W,سيدي بوزيد,الرقاب,10000,شركة أهلية محلية,https://trovit.tn/charika/1884184W,True,False
الشركة الأهلية الجهوية للاستثمار و التطور الفلاحي,زراعة,نهج الجامع,سيدي بوزيد,سيدي بوزيد الغربية,سيدي بوزيد الغربية,محلية,الشركه للاستثمار و التطور الفلاحي,66.66666666666667,56,True,الشركة الاهلية المحلية الفلاحية الخيرات بالسند,1897708W,1897708W,قفصة,السند,10000,شركة أهلية محلية,https://trovit.tn/charika/1897708W,False,False
الشركة الاهلية المحلية صقور بأولاد حفوز,زراعة,أولاد حفوز,سيدي بوزيد,أولاد حفوز,أولاد حفوز,محلية,الشركه صقور باولاد حفوز,100.0,31,True,الشركة الاهلية المحلية صقور بأولاد حفوز,1920812H,1920812H,سيدي بوزيد,أولاد حفوز,10000,شركة أهلية محلية,https://trovit.tn/charika/1920812H,True,False
الشركة الاهلية المحلية الأريج,زراعة,الحمامة,سيدي بوزيد,جلمة,جملة الشرقية,جهوية,الشركه الاريج,100.0,23,True,الشركة الاهلية المحلية الأريج,1924807D,1924807D,سيدي بوزيد,جلمة,10000,شركة أهلية محلية,https://trovit.tn/charika/1924807D,True,False
الشركة الأهلية المحلية الصمود,فلاحة / صيد و الخدمات المتصلة بها,الطويلة,سيدي بوزيد,سيدي بوزيد الغربية,سيدي بوزيد الغربية,محلية,الشركه الصمود,100.0,52,True,الشركة الأهلية المحلية الصمود,1889813Z,1889813Z,سيدي بوزيد,سيدي بوزيد الغربية,10000,شركة أهلية محلية,https://trovit.tn/charika/1889813Z,True,False
الشركة الأهلية الجهوية زيتونة قمودة,فلاحة / صيد و الخدمات المتصلة بها,الفائض سيدي بوزيد,سيدي بوزيد,سيدي بوزيد الشرقية,الأحواز,جهوية,الشركه زيتونه قموده,100.0,1,True,الشركة الأهلية الجهوية زيتونة قمودة,1887893H,1887893H,سيدي بوزيد,سيدي بوزيد الشرقية,25000,شركة أهلية جهوية,https://trovit.tn/charika/1887893H,True,False
الشركة الأهلية المحلية الريادة الفلاحية,فلاحة / صيد و الخدمات المتصلة بها,الخروبة المالوسي,سيدي بوزيد,منزل بوزيان,منزل بوزيان,محلية,الشركه الرياده الفلاحيه,100.0,49,True,الشركة الأهلية المحلية الريادة الفلاحية,1901072N,1901072N,سيدي بوزيد,منزل بوزيان,10000,شركة أهلية محلية,https://trovit.tn/charika/1901072N,True,False
الشركة الأهلية المحلية الوحدة رحال,فلاحة / صيد و الخدمات المتصلة بها,رحال,سيدي بوزيد,بئر الحفي,بئر الحفي,محلية,الشركه الوحده رحال,72.72727272727273,128,True,الشركة الاهلية المحلية الهراهرة,1825518V,1825518V,القصرين,سبيطلة,10000,شركة أهلية محلية,https://trovit.tn/charika/1825518V,False,False
شركة أهلية محلية فسقية الرضاع,صناعة تحويل الفواكه و الخضر,الرضاع الشرقية,سيدي بوزيد,الرقاب,الرقاب,محلية,شركه اهليه محليه فسقيه الرضاع,100.0,125,True,شركة أهلية محلية فسقية الرضاع,1826089Z,1826089Z,سيدي بوزيد,الرقاب,12000,شركة أهلية محلية,https://trovit.tn/charika/1826089Z,True,False
الشركة الأهلية المحلية للخدمات الفلاحية الزعافرية,فلاحة / صيد و الخدمات المتصلة بها,نهج ساقية سيدي يوسف,سيدي بوزيد,سيدي بوزيد الغربية,سيدي بوزيد الغربية,محلية,الشركه للخدمات الفلاحيه الزعافريه,75.0,49,True,الشركة الأهلية المحلية الريادة الفلاحية,1901072N,1901072N,سيدي بوزيد,منزل بوزيان,10000,شركة أهلية محلية,https://trovit.tn/charika/1901072N,False,False
الضيعة 18 (شركة أهلية محلية),فلاحة / صيد و الخدمات المتصلة بها,شارع اتحاد المغرب العربي,سيدي بوزيد,سيدي بوزيد الشرقية,الأحواز,محلية,الضيعه 18 شركه اهليه محليه,78.57142857142857,78,True,الجنة المخفية شركة أهلية محلية,1879810Q,1879810Q,باجة,باجة الشمالية,10200,شركة أهلية محلية,https://trovit.tn/charika/1879810Q,False,False
الشركة الأهلية المحلية جبل الكبار,فلاحة / صيد و الخدمات المتصلة بها,شارع البريد,سيدي بوزيد,سيدي بوزيد الغربية,سيدي بوزيد الغربية,جهوية,الشركه جبل الكبار,100.0,91,True,الشركة الأهلية المحلية جبل الكبار,1874386Z,1874386Z,سيدي بوزيد,سيدي بوزيد الغربية,10000,شركة أهلية محلية,https://trovit.tn/charika/1874386Z,True,False
الشركة الأهلية المحلية الملك للرمال,إستخراج الرمال و الصلصال (الطفل),الذويبات الجنوبية كلم 80,سيدي بوزيد,أولاد حفوز,أولاد حفوز,محلية,الشركه الملك للرمال,71.42857142857143,0,True,الشركة الأهلية الجهوية للأعلاف و اللحوم,1885807J,1885807J,زغوان,الفحص,20000,شركة أهلية جهوية,https://trovit.tn/charika/1885807J,False,False
الشركة الأهلية المحلية المصباح,فلاحة / صيد و الخدمات المتصلة بها,الطويلة طريق قفصة,سيدي بوزيد,سيدي بوزيد الغربية,سيدي بوزيد الغربية,جهوية,الشركه المصباح,100.0,58,True,الشركة الأهلية المحلية المصباح,1897688K,1897688K,سيدي بوزيد,سيدي بوزيد الغربية,10000,شركة أهلية محلية,https://trovit.tn/charika/1897688K,True,False
الشركة الأهلية المحلية المصباح,فلاحة / صيد و الخدمات المتصلة بها,الطويلة طريق قفصة,سيدي بوزيد,سيدي بوزيد الغربية,سيدي بوزيد الغربية,محلية,الشركه المصباح,100.0,58,True,الشركة الأهلية المحلية المصباح,1897688K,1897688K,سيدي بوزيد,سيدي بوزيد الغربية,10000,شركة أهلية محلية,https://trovit.tn/charika/1897688K,True,False
الشركة الأهلية المحلية شمس البادية,فلاحة/ صيد و الخدمات المتصلة بها,شارع الحبيب بورقيبة,صفاقس,الحنشة,الحنشة,محلية,الشركه شمس الباديه,100.0,35,True,الشركة الأهلية المحلية شمس البادية,1911204M,1911204M,صفاقس,الحنشة,14300,شركة أهلية محلية,https://trovit.tn/charika/1911204M,True,False
الشركة الاهلية المحلية لخدمات الصيد البحري,صناعة/ صناعات غذائية أخرى,بليانة,صفاقس,العامرة,بليانة,محلية,الشركه لخدمات الصيد البحري,100.0,70,True,الشركة الاهلية المحلية لخدمات الصيد البحري,1872655S,1872655S,صفاقس,العامرة,14200,شركة أهلية محلية,https://trovit.tn/charika/1872655S,True,False
الشركة الأهلية المحلية صناعة الأعلاف الساقية,صناعة/ صنع أغذية الحيوانات,طريق المهدية نهج الرشاد كلم 13,صفاقس,ساقية الداير,ساقية الداير,محلية,الشركه صناعه الاعلاف الساقيه,100.0,36,True,الشركة الأهلية المحلية صناعة الأعلاف الساقية,1916383D,1916383D,صفاقس,ساقية الداير,195000,شركة أهلية محلية,https://trovit.tn/charika/1916383D,True,False
الشركة الأهلية المحلية فلوكتنا صفاقس,التطهير وتنظيف الطرقات و التصرف في الفضلات,ميناء الصيد البحري,صفاقس,صفاقس المدينة,المدينة,جهوية,الشركه فلوكتنا صفاقس,100.0,53,True,الشركة الأهلية المحلية فلوكتنا صفاقس,1893304L,1893304L,صفاقس,صفاقس المدينة,30000,شركة أهلية محلية,https://trovit.tn/charika/1893304L,True,False
الشركة الأهلية الجهوية حنبعل لخدمات سيارات الأجرة لواج بصفاقس,خدمات ملحقة بالنقل,20 شارع الرباط,صفاقس,صفاقس المدينة,المدينة,جهوية,الشركه حنبعل لخدمات سيارات الاجره لواج بصفاقس,60.97560975609756,32,True,الشركة الاهلية المحلية المصير للخدمات و الانتاج ببرقو,1847104V,1847104V,سليانة,برقو,10000,شركة أهلية محلية,https://trovit.tn/charika/1847104V,False,False
الشركة الأهلية الجهوية صفاقس العزة,أنشطة المساندة للإدارة,شارع بغداد عمارة عبد المولى كلم 1,صفاقس,صفاقس المدينة,المدينة,محلية,الشركه صفاقس العزه,77.41935483870968,64,True,الشركة الأهلية المحلية الوفاق,1864908Y,1864908Y,صفاقس,العامرة,10000,شركة أهلية محلية,https://trovit.tn/charika/1864908Y,False,False
الشركة الأهلية المحلية العين بصفاقس الجنوبية,التطهير وتنظيف الطرقات و التصرف في الفضلات,طريق منزل شاكر كلم 11 2059,صفاقس,صفاقس الجنوبية,العين,محلية,الشركه العين بصفاقس الجنوبيه,100.0,95,True,الشركة الأهلية المحلية العين بصفاقس الجنوبية,1876489P,1876489P,صفاقس,صفاقس الجنوبية,14000,شركة أهلية محلية,https://trovit.tn/charika/1876489P,True,False
الشركة الاهلية المحلية العامرة للطاقات المتجددة,إنتاج و توزيع الكهرباء و الغاز و الحرارة,شارع 7 نوفمبر,صفاقس,العامرة,العامرة,محلية,الشركه العامره للطاقات المتجدده,67.79661016949152,42,True,الشركة الأهلية المحلية للخدمات العامة بقرقنة,1911725J,1911725J,صفاقس,قرقنة,10000,شركة أهلية محلية,https://trovit.tn/charika/1911725J,False,False
الشركة الاهلية المحلية المهذبي للطاقة,إنتاج و توزيع الكهرباء و الغاز و الحرارة,الطريق الوطنية 2 سيدي محمد نويقز,صفاقس,الصخيرة,الصخيرة,محلية,الشركه المهذبي للطاقه,68.57142857142857,58,True,الشركة الأهلية المحلية المصباح,1897688K,1897688K,سيدي بوزيد,سيدي بوزيد الغربية,10000,شركة أهلية محلية,https://trovit.tn/charika/1897688K,False,False
الشركة الأهلية المحلية للخدمات العامة بقرقنة,أنشطة التنظيف,أولاد عزالدين,صفاقس,قرقنة,العطايا,محلية,الشركه للخدمات العامه بقرقنه,100.0,42,True,الشركة الأهلية المحلية للخدمات العامة بقرقنة,1911725J,1911725J,صفاقس,قرقنة,10000,شركة أهلية محلية,https://trovit.tn/charika/1911725J,True,False
الشركة الأهلية المحلية النور سيدي امحمد الصخيرة,إنتاج و توزيع الكهرباء و الغاز و الحرارة,سيدي امحمد نويقز,صفاقس,الصخيرة,الصخيرة,محلية,الشركه النور سيدي امحمد الصخيره,100.0,54,True,الشركة الأهلية المحلية النور سيدي امحمد الصخيرة,1898737F,1898737F,صفاقس,الصخيرة,10000,شركة أهلية محلية,https://trovit.tn/charika/1898737F,True,False
الشركة الاهلية المحلية النصر,إسترداد المواد المستعملة غير المعدنية القابلة للرسكلة,الهادي شاكر,صفاقس,جبنيانة,جبنيانة,محلية,الشركه النصر,100.0,45,True,الشركة الاهلية المحلية النصر,1878153A,1878153A,صفاقس,جبنيانة,10300,شركة أهلية محلية,https://trovit.tn/charika/1878153A,True,False
الشركة الأهلية المحلية الهناء,أنشطة خدمات ملحقة بالزراعة,شارع الهادي شاكر,صفاقس,جبنيانة,جبنيانة,محلية,الشركه الهناء,80.0,45,True,الشركة الاهلية المحلية النصر,1878153A,1878153A,صفاقس,جبنيانة,10300,شركة أهلية محلية,https://trovit.tn/charika/1878153A,False,False
افاق بليانة شركة أهلية محلية,تربية الحيوانات,بليانة,صفاقس,العامرة,العامرة,محلية,افاق بليانه شركه اهليه محليه,100.0,79,True,افاق بليانة شركة أهلية محلية,1874198X,1874198X,صفاقس,العامرة,10000,شركة أهلية محلية,https://trovit.tn/charika/1874198X,True,False
شركة الإرادة للفلاحة شركة أهلية محلية,زراعة,العامرة,صفاقس,العامرة,العامرة,محلية,شركه الاراده للفلاحه شركه اهليه محليه,100.0,76,True,شركة الإرادة للفلاحة شركة أهلية محلية,1863054W,1863054W,صفاقس,العامرة,10000,شركة أهلية محلية,https://trovit.tn/charika/1863054W,True,False
الشركة الأهلية المحلية النموذجية النويقص,فلاحة / صيد و الخدمات المتصلة بها,سيدي محمد نويقص,صفاقس,الصخيرة,الصخيرة,محلية,الشركه النموذجيه النويقص,100.0,43,True,الشركة الأهلية المحلية النموذجية النويقص,1906362S,1906362S,صفاقس,الصخيرة,11000,شركة أهلية محلية,https://trovit.tn/charika/1906362S,True,False
الشركة الأهلية المحلية الوفاق,فلاحة / صيد و الخدمات المتصلة بها,ذراع بن زياد,صفاقس,العامرة,العامرة,محلية,الشركه الوفاق,100.0,64,True,الشركة الأهلية المحلية الوفاق,1864908Y,1864908Y,صفاقس,العامرة,10000,شركة أهلية محلية,https://trovit.tn/charika/1864908Y,True,False
الشركة الأهلية المحلية عقارب الجديدة,فلاحة / صيد و الخدمات المتصلة بها,العرائش,صفاقس,عقارب,عقارب,محلية,الشركه عقارب الجديده,100.0,106,True,الشركة الأهلية المحلية عقارب الجديدة,1850881G,1850881G,صفاقس,عقارب,10000,شركة أهلية محلية,https://trovit.tn/charika/1850881G,True,False
شركة الأنصاف الأهلية المحلية,فلاحة/ صيد و الخدمات المتصلة بها,الهيشة,قابس,المطوية,المطويةالشمالية,جهوية,شركه الانصاف,100.0,114,True,شركة الأنصاف الأهلية المحلية,1835743H,1835743H,قابس,المطوية,18400,شركة أهلية محلية,https://trovit.tn/charika/1835743H,True,False
الشركة الأهلية الجهوية القدس لسيارات الأجرة لواج,النقل البرّي,محطة اللواج,قابس,قابس المدينة,المنطقة الأولى,محلية,الشركه القدس لسيارات الاجره لواج,62.06896551724138,70,True,الشركة الاهلية المحلية لخدمات الصيد البحري,1872655S,1872655S,صفاقس,العامرة,14200,شركة أهلية محلية,https://trovit.tn/charika/1872655S,False,False
الشركة الأهلية المحلية للتنمية المستدامة المطوية,زراعة,شارع الحبيب بورقيبة,قابس,المطوية,المطويةالشمالية,محلية,الشركه للتنميه المستدامه المطويه,100.0,90,True,الشركة الأهلية المحلية للتنمية المستدامة المطوية,1868270Z,1868270Z,قابس,المطوية,12600,شركة أهلية محلية,https://trovit.tn/charika/1868270Z,True,False
الشركة الأهلية المحلية قرين أقرو,فلاحة / صيد و الخدمات المتصلة بها,نهج الخليج,قابس,الحامة,المنطقة الشمالية,جهوية,الشركه قرين اقرو,100.0,74,True,الشركة الأهلية المحلية قرين أقرو,1886864Y,1886864Y,قابس,الحامة,54000,شركة أهلية محلية,https://trovit.tn/charika/1886864Y,True,False
الشركة الأهلية المحلية رائدات بدوز,صناعات نسيج أخرى,المنطقة السياحية,قبلي,دوز الشمالية,دوز الشرقية,جهوية,الشركه رايدات بدوز,100.0,50,True,الشركة الأهلية المحلية رائدات بدوز,1901596N,1901596N,قبلي,دوز,10395,شركة أهلية محلية,https://trovit.tn/charika/1901596N,True,False
الشركة الأهلية المحلية الخوار,تربية الحيوانات,عدد 1 الفوار,قبلي,الفوار,الصابرية الغربية,جهوية,الشركه الخوار,100.0,39,True,الشركة الأهلية المحلية الخوار,1915626Z,1915626Z,قبلي,الفوار,11000,شركة أهلية محلية,https://trovit.tn/charika/1915626Z,True,False
الشركة الاهلية المحلية الصنم بالعذارى,تربية الحيوانات,زعفران,قبلي,دوز الشمالية,دوز الشرقية,محلية,الشركه الصنم بالعذاري,76.19047619047619,112,True,الشركة الأهلية المحلية النور بالسواسي,1837708N,1837708N,المهدية,السواسي,10000,شركة أهلية محلية,https://trovit.tn/charika/1837708N,False,False
الشركة الأهلية المحلية مراعي الرجيم,تربية الحيوانات,رجيم معتوق,قبلي,الفوار,الصابرية الغربية,محلية,الشركه مراعي الرجيم,100.0,109,True,الشركة الأهلية المحلية مراعي الرجيم,1841986P,1841986P,قبلي,الفوار,13400,شركة أهلية محلية,https://trovit.tn/charika/1841986P,True,False
الشركة الاهلية المحلية جمنة عراجين الكرمة,زراعة,13 نهج بغداد جمنة,قبلي,قبلي الجنوبية,قبلي الجنوبية,محلية,الشركه جمنه عراجين الكرمه,100.0,47,True,الشركة الاهلية المحلية جمنة عراجين الكرمة,1917281C,1917281C,قبلي,قبلي الجنوبية,10920,شركة أهلية محلية,https://trovit.tn/charika/1917281C,True,False
الشركة الأهلية المحلية وفاق غريب,فلاحة / صيد و الخدمات المتصلة بها,قرية السلام رجيم معتوق,قبلي,الفوار,الصابرية الغربية,محلية,الشركه وفاق غريب,100.0,80,True,الشركة الأهلية المحلية وفاق غريب,1881414C,1881414C,تونس,الفوار,10200,شركة أهلية محلية,https://trovit.tn/charika/1881414C,True,False
النور و السلام للخدمات الفلاحية شركة أهلية جهوية,فلاحة / صيد و الخدمات المتصلة بها,شارع أحمد خيرالدين النزلة,قبلي,قبلي الشمالية,قبلي الشمالية,جهوية,النور و السلام للخدمات الفلاحيه شركه اهليه جهويه,73.80952380952381,2,True,الظريف لخدمات النقل شركة أهلية جهوية,1879535Q,1879535Q,المنستير,المنستير,22800,شركة أهلية جهوية,https://trovit.tn/charika/1879535Q,False,False
خيرات نفزاوة شركة أهلية جهوية,فلاحة / صيد و الخدمات المتصلة بها,حي الوكالة العقارية للسكنى بياز,قبلي,قبلي الشمالية,قبلي الشمالية,جهوية,خيرات نفزاوه شركه اهليه جهويه,61.53846153846154,96,True,شركة خيرات جبل برقو شركة أهلية محلية,1876730D,1876730D,سليانة,برقو,10000,شركة أهلية محلية,https://trovit.tn/charika/1876730D,False,False
الشركة الأهلية المحلية دوز الأولى,فلاحة / صيد و الخدمات المتصلة بها,حي أولاد عبد النور دوز الجنوبية,قبلي,دوز الشمالية,دوز الشرقية,جهوية,الشركه دوز الاولي,100.0,75,True,الشركة الأهلية المحلية دوز الأولى,1890002L,1890002L,قبلي,دوز,10000,شركة أهلية محلية,https://trovit.tn/charika/1890002L,True,False
شركة الأنطلاق للطاقة المتجددة والأنشطة الفلاحية شركة أهلية محلية,فلاحة / صيد و الخدمات المتصلة بها,عدد 90 نهج تركيا قبلي,قبلي,قبلي الجنوبية,قبلي الجنوبية,محلية,شركه الانطلاق للطاقه المتجدده والانشطه الفلاحيه شركه اهليه محليه,100.0,84,True,شركة الأنطلاق للطاقة المتجددة والأنشطة الفلاحية شركة أهلية محلية,1865469A,1865469A,قبلي,قبلي الجنوبية,10000,شركة أهلية محلية,https://trovit.tn/charika/1865469A,True,False
الشركة الأهلية الجهوية ثمار الوطن,فلاحة/ صيد و الخدمات المتصلة بها,10 نهج بسطيا حي السرور,قفصة,قفصة الجنوبية,قفصة المدينة,محلية,الشركه ثمار الوطن,100.0,3,True,الشركة الأهلية الجهوية ثمار الوطن,1888626T,1888626T,قفصة,قفصة الجنوبية,20000,شركة أهلية جهوية,https://trovit.tn/charika/1888626T,True,False
الشركة الأهلية المحلية صنعة أجدادي,صناعة النسيج,بالخير 2180,قفصة,بلخير,بلخير,محلية,الشركه صنعه اجدادي,100.0,83,True,الشركة الأهلية المحلية صنعة أجدادي,1878716P,1878716P,قفصة,بالخير,10000,شركة أهلية محلية,https://trovit.tn/charika/1878716P,True,False
الشركة الاهلية المحلية للانشطة الفلاحية سيدي بوبكر,صناعة/ صنع أغذية الحيوانات,سيدي بوبكر,قفصة,أم العرائس,أم العرائس المركز,محلية,الشركه للانشطه الفلاحيه سيدي بوبكر,100.0,117,True,الشركة الاهلية المحلية للانشطة الفلاحية سيدي بوبكر,1833636X,1833636X,قفصة,أم العرائس,10400,شركة أهلية محلية,https://trovit.tn/charika/1833636X,True,False
الشركة الاهلية المحلية لاستغلال المقاطع بماجورة,إستخراج الأحجار,حي ماجورة,قفصة,السند,السند,جهوية,الشركه لاستغلال المقاطع بماجوره,100.0,126,True,الشركة الاهلية المحلية لاستغلال المقاطع بماجورة,1826062M,1826062M,تونس,السند,10000,شركة أهلية محلية,https://trovit.tn/charika/1826062M,True,False
الشركة الأهلية المحلية كابصا النظيفة لرسكلة و تثمين النفايات,رفع الفضلات و معالجتها,حي السرور,قفصة,قفصة الجنوبية,قفصة المدينة,محلية,الشركه كابصا النظيفه لرسكله و تثمين النفايات,55.263157894736835,140,True,الشركة الاهلية المحلية المركب الفلاحي مشرق الشمس,1797120Q,1797120Q,القصرين,سبيطلة,11400,شركة أهلية محلية,https://trovit.tn/charika/1797120Q,False,False
الشركة الأهلية الجهوية الوعد للخدمات بقفصة,خدمات ملحقة بالنقل,عمران المقدمي,قفصة,قفصة الجنوبية,قفصة المدينة,جهوية,الشركه الوعد للخدمات بقفصه,81.4814814814815,42,True,الشركة الأهلية المحلية للخدمات العامة بقرقنة,1911725J,1911725J,صفاقس,قرقنة,10000,شركة أهلية محلية,https://trovit.tn/charika/1911725J,False,False
الشركة الأهلية الجهوية لتنمية السياحية و الرياضية,أنشطة ترفيهية و ثقافية و رياضية,1الراقوبة,قفصة,القصر,القصر,جهوية,الشركه لتنميه السياحيه و الرياضيه,77.92207792207793,94,True,الشركة الاهلية المحلية برج خديجة للتنمية الثقافية و السياحية,1820630X,1820630X,المهدية,الشابة,106000,شركة أهلية محلية,https://trovit.tn/charika/1820630X,False,False
الشركة الأهلية الجهوية لسيارات الأجرة لواج قفصة,النقل الحضري و النقل عبر الطريق,حي بياش,قفصة,قفصة الجنوبية,قفصة المدينة,جهوية,الشركه لسيارات الاجره لواج قفصه,62.295081967213115,69,True,الشركة الأهلية المحلية الكوفة للانتاج الحيواني,1888526Q,1888526Q,توزر,نفطة,10000,شركة أهلية محلية,https://trovit.tn/charika/1888526Q,False,False
شركة أم المناجم للنقل بأم العرائس شركة أهلية محلية,النقل البرّي,حي النور,قفصة,أم العرائس,أم العرائس المركز,محلية,شركه ام المناجم للنقل بام العرايس شركه اهليه محليه,100.0,134,True,شركة أم المناجم للنقل بأم العرائس شركة أهلية محلية,1815947H,1815947H,تونس,أم العرائس,10000,شركة أهلية محلية,https://trovit.tn/charika/1815947H,True,False
الشركة الاهلية المحلية لنقش و نحت الحجارة و صقل الرخام,تشكيل الحجر و إعداده للإستعمال,العبابسة,قفصة,سيدي عيش,سيدي عيش الشرقية,جهوية,الشركه لنقش و نحت الحجاره و صقل الرخام,100.0,119,True,الشركة الاهلية المحلية لنقش و نحت الحجارة و صقل الرخام,1832546R,1832546R,تونس,سيدي عيش,11400,شركة أهلية محلية,https://trovit.tn/charika/1832546R,True,False
الشركة الاهلية الجهوية لصناعة الطابوق الخلوي,صنع الأسمنت و الجير و الجبس (أو الجص),شارع 4 ديسمبر 1952,قفصة,القصر,القصر,محلية,الشركه لصناعه الطابوق الخلوي,100.0,20,True,الشركة الاهلية الجهوية لصناعة الطابوق الخلوي,1815687G,1815687G,تونس,القصر,22400,شركة أهلية جهوية,https://trovit.tn/charika/1815687G,True,False
الشركة الاهلية المحلية الفلاحية الازدهار بالدوارة أم العرائس,تربية الحيوانات,حي السوالمية,قفصة,أم العرائس,أم العرائس المركز,محلية,الشركه الفلاحيه الازدهار بالدواره ام العرايس,100.0,44,True,الشركة الاهلية المحلية الفلاحية الازدهار بالدوارة أم العرائس,1905085L,1905085L,قفصة,أم العرائس,10000,شركة أهلية محلية,https://trovit.tn/charika/1905085L,True,False
الشركة الاهلية المحلية الفلاحية الخيرات بالسند,تربية الحيوانات,حي الرياض أبو القاسم الشابي,قفصة,السند,السند,محلية,الشركه الفلاحيه الخيرات بالسند,100.0,56,True,الشركة الاهلية المحلية الفلاحية الخيرات بالسند,1897708W,1897708W,قفصة,السند,10000,شركة أهلية محلية,https://trovit.tn/charika/1897708W,True,False
الشركة الاهلية الجهوية أقري عرباطة,فلاحة / صيد و الخدمات المتصلة بها,نهج عمر بن سليمان,قفصة,قفصة الجنوبية,قفصة المدينة,جهوية,الشركه اقري عرباطه,100.0,5,True,الشركة الاهلية الجهوية أقري عرباطة,1881343E,1881343E,قفصة,قفصة الجنوبية,20300,شركة أهلية جهوية,https://trovit.tn/charika/1881343E,True,False
الشركة الأهلية المحلية التفوق للفلاحة النموذجية,فلاحة / صيد و الخدمات المتصلة بها,حي النصر 1,قفصة,السند,السند,محلية,الشركه التفوق للفلاحه النموذجيه,100.0,57,True,الشركة الأهلية المحلية التفوق للفلاحة النموذجية,1897228J,1897228J,قفصة,السند,10000,شركة أهلية محلية,https://trovit.tn/charika/1897228J,True,False
الشركة الأهلية المحلية للفلاحة و الخدمات بالبهلولة زانوش,فلاحة / صيد و الخدمات المتصلة بها,عدد 1 البهلولة,قفصة,السند,السند,محلية,الشركه للفلاحه و الخدمات بالبهلوله زانوش,100.0,26,True,الشركة الأهلية المحلية للفلاحة و الخدمات بالبهلولة زانوش,1921372J,1921372J,قفصة,السند,18400,شركة أهلية محلية,https://trovit.tn/charika/1921372J,True,False
الشركة الأهلية المحلية خابية الطلح بلخير,فلاحة / صيد و الخدمات المتصلة بها,بالخير,قفصة,بلخير,بلخير,محلية,الشركه خابيه الطلح بلخير,100.0,66,True,الشركة الأهلية المحلية خابية الطلح بلخير,1886574Q,1886574Q,قفصة,بالخير,10000,شركة أهلية محلية,https://trovit.tn/charika/1886574Q,True,False
الشركة الأهلية المحلية للزراعة و التخزين سيدي صالح,فلاحة / صيد و الخدمات المتصلة بها,العليم سيدي صالح,قفصة,السند,السند,محلية,الشركه للزراعه و التخزين سيدي صالح,62.96296296296296,12,True,الشركة الاهلية الجهوية سقيا للزراعات,1838264K,1838264K,تطاوين,تطاوين الشمالية,20000,شركة أهلية جهوية,https://trovit.tn/charika/1838264K,False,False
الشركة الاهلية المحلية أم الاقصاب,فلاحة / صيد و الخدمات المتصلة بها,أم الاقصاب سيدي بوبكر,قفصة,أم العرائس,أم العرائس المركز,محلية,الشركه ام الاقصاب,100.0,124,True,الشركة الاهلية المحلية أم الاقصاب,1827094A,1827094A,تونس,أم العرائس,10000,شركة أهلية محلية,https://trovit.tn/charika/1827094A,True,False
شركة اهلية نور البركة,صناعة / مخابز و مخابز مقترنة بصنع المرطبات,حسي الجربي,مدنين,جرجيس,جرجيس,محلية,شركه اهليه نور البركه,100.0,136,True,شركة اهلية نور البركة,1812023G,1812023G,مدنين,جرجيس,10000,شركة أهلية محلية,https://trovit.tn/charika/1812023G,True,False
الشركة الأهلية المحلية الارادة للبستنة و تصرف في النفايات غير خطيرة,التطهير وتنظيف الطرقات و التصرف في الفضلات,محضنة المؤسسات جربة للابداع,مدنين,جربة ميدون,ميدون,محلية,الشركه الاراده للبستنه و تصرف في النفايات غير خطيره,56.81818181818181,32,True,الشركة الاهلية المحلية المصير للخدمات و الانتاج ببرقو,1847104V,1847104V,سليانة,برقو,10000,شركة أهلية محلية,https://trovit.tn/charika/1847104V,False,False
شركة اس سي دي ام(شركة أهلية محلية),أنشطة ترفيهية,شارع النخيل,مدنين,مدنين الجنوبية,مدنين الجنوبية,محلية,شركه اس سي دي ام شركه اهليه محليه,100.0,87,True,شركة اس سي دي ام(شركة أهلية محلية),1866300D,1866300D,مدنين,مدنين الجنوبية,12500,شركة أهلية محلية,https://trovit.tn/charika/1866300D,True,False
شركة زيان للنقل والخدمات بجرجيس(شركة أهلية محلية),أنواع أخرى من النقل الطريقي,نهج 20 مارس,مدنين,جرجيس,جرجيس,محلية,شركه زيان للنقل والخدمات بجرجيس شركه اهليه محليه,78.48101265822784,127,True,شركة زيان للنقل والخدمات بجرجيس,1825810W,1825810W,مدنين,جرجيس,10000,شركة أهلية محلية,https://trovit.tn/charika/1825810W,False,False
الشركة الأهلية المحلية للصيد البحري سيدي مخلوف,تجارة الأسماك و القشريات و الرخويات بالتفصيل,القصبة,مدنين,سيدي مخلوف,سيدي مخلوف,جهوية,الشركه للصيد البحري سيدي مخلوف,100.0,61,True,الشركة الأهلية المحلية للصيد البحري سيدي مخلوف,1841285Q,1841285Q,مدنين,سيدي مخلوف,10000,شركة أهلية محلية,https://trovit.tn/charika/1841285Q,True,False
الشركة الأهلية المحلية للخياطة و التطريز بمدنين نيوفاشن,صناعة الملابس و صناعة الفراء (الفورير),نهج النخيل حي الخراشفة,مدنين,مدنين الشمالية,مدنين الشمالية,محلية,الشركه للخياطه و التطريز بمدنين نيوفاشن,60.86956521739131,61,True,الشركة الأهلية المحلية للصيد البحري سيدي مخلوف,1841285Q,1841285Q,مدنين,سيدي مخلوف,10000,شركة أهلية محلية,https://trovit.tn/charika/1841285Q,False,False
الشركة الاهلية المحلية الأمل للنسيج بسيدي مخلوف,صناعة الملابس و صناعة الفراء (الفورير),الراقوبة الشرقية,مدنين,سيدي مخلوف,سيدي مخلوف,محلية,الشركه الامل للنسيج بسيدي مخلوف,78.68852459016394,61,True,الشركة الأهلية المحلية للصيد البحري سيدي مخلوف,1841285Q,1841285Q,مدنين,سيدي مخلوف,10000,شركة أهلية محلية,https://trovit.tn/charika/1841285Q,False,False
الشركة الاهلية المحلية الفلاحية التحدي لتربية الماشية,تربية الضأن و الماعز,تبرقيت القصبة سيدي مخلوف,مدنين,سيدي مخلوف,سيدي مخلوف,محلية,الشركه الفلاحيه التحدي لتربيه الماشيه,68.85245901639344,22,True,الشركة الأهلية المحلية الفلاحية المستقبل,1902179D,1902179D,بنزرت,سجنان,10000,شركة أهلية محلية,https://trovit.tn/charika/1902179D,False,False
الشركة الأهلية المحلية الفلاحية تيسير بالراقوبة الشرقية,تربية الحيوانات,الراقوبة,مدنين,سيدي مخلوف,سيدي مخلوف,محلية,الشركه الفلاحيه تيسير بالراقوبه الشرقيه,69.56521739130434,30,True,الشركة الأهلية المحلية الفلاحية بالدخيلة أرزاق,1923525R,1923525R,منوبة,منوبة,10000,شركة أهلية محلية,https://trovit.tn/charika/1923525R,False,False
الشركة الاهلية المحلية للانتاج الفلاحي برمادة,زراعة الزياتين,طريق الذهيبات,مدنين,سيدي مخلوف,سيدي مخلوف,جهوية,الشركه للانتاج الفلاحي برماده,73.01587301587303,117,True,الشركة الاهلية المحلية للانشطة الفلاحية سيدي بوبكر,1833636X,1833636X,قفصة,أم العرائس,10400,شركة أهلية محلية,https://trovit.tn/charika/1833636X,False,False
الشركة الأهلية المحلية للتنمية الفلاحية بجرجيس نيوزار,فلاحة / صيد و الخدمات المتصلة بها,عمارة الحافي شارع 20 مارس,مدنين,جرجيس,جرجيس,محلية,الشركه للتنميه الفلاحيه بجرجيس نيوزار,100.0,133,True,الشركة الأهلية المحلية للتنمية الفلاحية بجرجيس نيوزار,1816270N,1816270N,مدنين,جرجيس,10000,شركة أهلية محلية,https://trovit.tn/charika/1816270N,True,False
الشركة الأهلية المحلية الكادحات بمنوبة,أنشطة الخدمات الملحقة بالفلاحة بإستثناء الأنشطة البيطرية,حي الرجاء,منوبة,طبربة,طبربة,محلية,الشركه الكادحات بمنوبه,100.0,102,True,الشركة الأهلية المحلية الكادحات بمنوبة,1858051J,1858051J,منوبة,طبربة,11200,شركة أهلية محلية,https://trovit.tn/charika/1858051J,True,False
الشركة الأهلية المحلية الفلاحية بالدخيلة أرزاق,زراعة مقترنة بتربية الحيوانات,محضنة المؤسسات,منوبة,منوبة,منوبة,محلية,الشركه الفلاحيه بالدخيله ارزاق,100.0,30,True,الشركة الأهلية المحلية الفلاحية بالدخيلة أرزاق,1923525R,1923525R,منوبة,منوبة,10000,شركة أهلية محلية,https://trovit.tn/charika/1923525R,True,False
الشركة الأهلية المحلية لتنمية الفلاحية للمساعدين,زراعة,المساعدين,منوبة,برج العامري,برج العامري,محلية,الشركه لتنميه الفلاحيه للمساعدين,76.19047619047619,137,True,الشركة الأهلية المحلية للخدمات الفلاحية النوائل,1806830T,1806830T,سيدي بوزيد,بير  الحفي,44000,شركة أهلية محلية,https://trovit.tn/charika/1806830T,False,False
الشركة الأهلية المحلية إزدهار برج النور,زراعة,يرج النور المساعدين,منوبة,برج العامري,برج العامري,جهوية,الشركه ازدهار برج النور,65.11627906976744,106,True,الشركة الأهلية المحلية عقارب الجديدة,1850881G,1850881G,صفاقس,عقارب,10000,شركة أهلية محلية,https://trovit.tn/charika/1850881G,False,False
الشركة الجهوية الأهلية منوبة البية,زراعة,محضنة المؤسسات,منوبة,منوبة,منوبة,محلية,الشركه منوبه البيه,100.0,10,True,الشركة الجهوية الأهلية منوبة البية,1844132L,1844132L,منوبة,منوبة,25600,شركة أهلية جهوية,https://trovit.tn/charika/1844132L,True,False
الشركة الأهلية الجهوية ار سام,فلاحة/ صيد,طريق منزل بوزلفة كم1,نابل,سليمان,سليمان,محلية,الشركه ار سام,73.33333333333334,124,True,الشركة الاهلية المحلية أم الاقصاب,1827094A,1827094A,تونس,أم العرائس,10000,شركة أهلية محلية,https://trovit.tn/charika/1827094A,False,False
الشركة الأهلية الجهوية فاطمة الزهراء لخدمات النقل بنابل,خدمات ملحقة بالنقل,محطة التاكسي الجماعي شارع الجمهورية,نابل,سليمان,سليمان,جهوية,الشركه فاطمه الزهراء لخدمات النقل بنابل,61.53846153846154,70,True,الشركة الاهلية المحلية لخدمات الصيد البحري,1872655S,1872655S,صفاقس,العامرة,14200,شركة أهلية محلية,https://trovit.tn/charika/1872655S,False,False
الشركة الأهلية المحلية للسياحة و البيئة و الترفيه تاكلسة,أنشطة ترفيهية و ثقافية و رياضية,المرصد البحري بالبكاكشة,نابل,تاكلسة,تاكلسة الجوفية,جهوية,الشركه للسياحه و البييه و الترفيه تاكلسه,63.888888888888886,129,True,الشركة الأهلية المحلية الفلاحية الشباب و التنمية,1823244D,1823244D,تونس,نصرالله,14250,شركة أهلية محلية,https://trovit.tn/charika/1823244D,False,False
الشركة الأهلية الجهوية للسياحة و الترفيه زمبرة الجامور,أنشطة ترفيهية و ثقافية و رياضية,الكرمانية,نابل,الهوارية,الهوارية القبلية,محلية,الشركه للسياحه و الترفيه زمبره الجامور,68.57142857142857,129,True,الشركة الأهلية المحلية الفلاحية الشباب و التنمية,1823244D,1823244D,تونس,نصرالله,14250,شركة أهلية محلية,https://trovit.tn/charika/1823244D,False,False
الشركة الأهلية الجهوية إكو تاكي للفلاحة,تربية الحيوانات,الرمل,نابل,تاكلسة,تاكلسة الجوفية,محلية,الشركه اكو تاكي للفلاحه,74.07407407407408,57,True,الشركة الأهلية المحلية التفوق للفلاحة النموذجية,1897228J,1897228J,قفصة,السند,10000,شركة أهلية محلية,https://trovit.tn/charika/1897228J,False,False
الشركة الأهلية المحلية السعادة,زراعة,دار الجندي,نابل,تاكلسة,تاكلسة الجوفية,محلية,الشركه السعاده,81.4814814814815,62,True,الشركة الأهلية المحلية السلام,1882403D,1882403D,سليانة,بو عرادة,10000,شركة أهلية محلية,https://trovit.tn/charika/1882403D,False,False
الشركة الأهلية المحلية خير البلاد,فلاحة / صيد و الخدمات المتصلة بها,نوال,نابل,قرنبالية,قرنبالية الشرقية,محلية,الشركه خير البلاد,80.0,48,True,الشركة الاهلية المحلية قصر البارود,1902998H,1902998H,سيدي بوزيد,جلمة,10000,شركة أهلية محلية,https://trovit.tn/charika/1902998H,False,False
الشركة الأهلية المحلية المشارق,فلاحة / صيد و الخدمات المتصلة بها,قصر سعد,نابل,قربة,قربة الشرقية,محلية,الشركه المشارق,82.75862068965517,46,True,الشركة الأهلية المحلية العمارنة,1922864E,1922864E,توزر,توزر,10000,شركة أهلية محلية,https://trovit.tn/charika/1922864E,False,False
الشركة الأهلية المحلية للتصرّف في أراضي مجموعة بني خيار,فلاحة / صيد و الخدمات المتصلة بها,شارع الحبيب بورقيبة,نابل,بني خيار,بني خيار,محلية,الشركه للتصر ف في اراضي مجموعه بني خيار,57.971014492753625,61,True,الشركة الأهلية المحلية للصيد البحري سيدي مخلوف,1841285Q,1841285Q,مدنين,سيدي مخلوف,10000,شركة أهلية محلية,https://trovit.tn/charika/1841285Q,False,False
الشركة الأهلية الجهوية للفلاحة الإمتياز,فلاحة / صيد و الخدمات المتصلة بها,شارع السلام,نابل,قرنبالية,قرنبالية الشرقية,محلية,الشركه للفلاحه الامتياز,78.26086956521739,49,True,الشركة الأهلية المحلية الريادة الفلاحية,1901072N,1901072N,سيدي بوزيد,منزل بوزيان,10000,شركة أهلية محلية,https://trovit.tn/charika/1901072N,False,False
