اسم_الشركة,الموضوع / النشاط,العنوان,الولاية,المعتمدية,المنطقة,النوع
الشركة الأهلية الجهوية ريكارد للنقل و الخدمات,النقل البرّي,عدد 4 نهج لبنان,أريانة,حي التضامن,حي التضامن,محلية
الشركة الاهلية المحلية روز ماري القصرين,حراجة / إستغلال الغابات,نهج يونس الكعباشي,القصرين,القصرين الجنوبية,العويجة,محلية
الشركة الاهلية المحلية فوسانة الجديدة,حراجة / إستغلال الغابات,اولاد زيد,القصرين,فوسانة,فوسانة,محلية
الشركة الاهلية المحلية توني بلاست وان,إسترداد المواد المستعملة غير المعدنية القابلة للرسكلة,شارع الجمهورية,القصرين,سبيطلة,سبيطلة,محلية
سباسب الوسط الغربي شركة اهلية جهوية,تشكيل الحجر و إعداده للإستعمال,سبيبة,القصرين,القصرين الشمالية,النور الشرقي,محلية
الشركة الأهلية المحلية الأجرد لتثمين الثروات,حراجة / إستغلال الغابات,الأجرد,القصرين,حيدرة,حيدرة,محلية
الشركة الاهلية المحلية جرجير سبيطلة,أنشطة الخدمات الملحقة بالفلاحة بإستثناء الأنشطة البيطرية,حي الغابات,القصرين,سبيطلة,سبيطلة,محلية
الشركة الاهلية المحلية فلاح سبيطلة,أنشطة الخدمات الملحقة بالفلاحة بإستثناء الأنشطة البيطرية,الاثار,القصرين,سبيطلة,سبيطلة,محلية
الشركة الاهلية المحلية العبادلة للنقل,أنشطة الخدمات الملحقة بالفلاحة بإستثناء الأنشطة البيطرية,عدد 470 نهج التحرير,القصرين,سبيطلة,سبيطلة,محلية
الشركة الاهلية المحلية المركب الفلاحي مشرق الشمس,أنشطة الخدمات الملحقة بالفلاحة بإستثناء الأنشطة البيطرية,مشرق الشمس,القصرين,سبيطلة,سبيطلة,محلية
الشركة الاهلية المحلية الهراهرة,أنشطة الخدمات الملحقة بالفلاحة بإستثناء الأنشطة البيطرية,الاثار,القصرين,سبيطلة,سبيطلة,محلية
الشركة الأهلية الذهيبات للخدمات الفلاحية شركة أهلية محلية,فلاحة/ صيد و الخدمات المتصلة بها,الذهيبات,القيروان,العلاء,العلا,محلية
فخمة وان شركة أهلية محلية,فلاحة/ صيد و الخدمات المتصلة بها,الخضراء,القيروان,القيروان الجنوبية,المنصورة الشمالية,محلية
الشركة الأهلية المحلية الزهراء,فلاحة/ صيد و الخدمات المتصلة بها,القرين,القيروان,الشبيكة,الجواودة,محلية
الشركة الاهلية المحلية كنعان الأنشطة الفلاحية,تربية الحيوانات,الخضراء عرقوب الخضراء,القيروان,القيروان الجنوبية,المنصورة الشمالية,محلية
الشركة الاهلية المحلية معروف,تربية الدواجن,معروف قصر اللمسة,القيروان,الوسلاتية,الوسلاتية الشرقية,محلية
الشركة الأهلية المحلية السنبلة الذهبية بالمخصومة,زراعة,الخصومة ب8 رقادة,القيروان,القيروان الجنوبية,المنصورة الشمالية,محلية
الشركة الأهلية المحلية بئر السلايمية,زراعة,بئر السلايمية,القيروان,نصر اللّه,نصر اللّه المركز,محلية
الشركة الأهلية المحلية الفلاحية الشباب و التنمية,زراعة,حي الرياض منزل المهيري,القيروان,نصر اللّه,نصر اللّه المركز,محلية
الشركة الأهلية المحلية زهرة الحياة,فلاحة / صيد و الخدمات المتصلة بها,حمام الخضراء ب3 عرقوب الخضراء,القيروان,القيروان الجنوبية,المنصورة الشمالية,محلية
الشركة الاهلية المحلية الشواشي للخدمات الفلاحية,فلاحة / صيد و الخدمات المتصلة بها,الشواشي,القيروان,حاجب العيون,الحاجب المركز,محلية
الشركة الاهلية المحلية اولاد خليف اقرو,فلاحة / صيد و الخدمات المتصلة بها,أولاد خلف الله,القيروان,حفوز,حفوز المركز,محلية
الشركة الاهلية المحلية بسيسب للخدمات الفلاحية,فلاحة / صيد و الخدمات المتصلة بها,سيسب,القيروان,السبيخة,السبيخة المركز,محلية
الشركة الأهلية المحلية الازدهار,فلاحة / صيد و الخدمات المتصلة بها,وادي القصاب,القيروان,الوسلاتية,الوسلاتية الشرقية,محلية
الشركة الاهلية المحلية للتربية و التعليم الأغالبة,التعليم الثانوي,نهج سكينة بنت الحسين الطابق1,القيروان,القيروان الجنوبية,المنصورة الشمالية,محلية
شركة بير مرجان للفلاحة العصرية,تربية الحيوانات,عين كرمة 2 طابية,الكاف,ساقية سيدي يوسف,ساقية سيدي يوسف,محلية
الشركة الأهلية الجهوية بركة الكاف,زراعة,حي علي بن خليفة,الكاف,الجريصة,الجريصة المركزية,جهوية
الشركة الأهلية المحلية بيوفالي بسيدي أحمد الصالح,فلاحة / صيد و الخدمات المتصلة بها,سيدي أحمد صالح,الكاف,القلعة الخصباء,القلعة الخصباء,محلية
الشركة الأهلية المحلية لزيتون اللاس,فلاحة / صيد و الخدمات المتصلة بها,اللاس,الكاف,السرس,السرس الشمالية,محلية
الشركة الأهلية المحلية للخدمات الفلاحية بالدهماني و القصور,فلاحة / صيد و الخدمات المتصلة بها,شارع الجمهورية,الكاف,القصور,القصور,محلية
الظريف لخدمات النقل شركة أهلية جهوية,خدمات ملحقة بالنقل,الحي التاسع عدد 126,المنستير,المنستير,المدينة,جهوية
شركة خدمات النقل غير المنتظم التفاني شركة أهلية جهوية,خدمات ملحقة بالنقل,المحطة,المنستير,جمال,جمال الشرقية,محلية
الشركة الاهلية المحلية للنقل الزهد,أنواع نقل طريقي أخرى للمسافرين,نهج الفاضلين,المنستير,طبلبة,حومة السوق,محلية
الشركة الأهلية المحلية لتنمية الصناعات التقليدية بالساحلين,تجارة مصنوعات تقليدية متنوعة بالتفصيل,شارع فرحات حشاد المندرة,المنستير,الساحلين,الساحلين الشرقية,محلية
الشركة الأهلية المحلية الشملالي,زراعة مقترنة بتربية الحيوانات,نهج الشهداء المزاوغة,المنستير,زرمدين,زرمدين الشمالية,محلية
شركة الاقتصاد الدائري للكربون شركة أهلية جهوية,التطهير وتنظيف الطرقات و التصرف في الفضلات,8 نهج محمد المستيري,المنستير,طبلبة,حومة السوق,جهوية
المبادرة لخدمات النقل العمومي غير المنتظم شركة أهلية جهوية,خدمات ملحقة بالنقل,شارع 13 أوت,المهدية,قصور الساف,قصور الساف الرياض,جهوية
الشركة الاهلية المحلية برج خديجة للتنمية الثقافية و السياحية,أنشطة ترفيهية و ثقافية و رياضية,نهج المغرب,المهدية,الشابة,الشابة الشمالية,محلية
شركة ألكا محيط لرسكلة النفايات شركة اهلية محلية,إسترداد المواد المستعملة,بني ثابت,المهدية,الجم,المرابطين,جهوية
الشركة ألأهلية الإتحاد أولاد جابالله,فلاحة / صيد و الخدمات المتصلة بها,أولاد جاب الله,المهدية,ملولش,ملولش,محلية
الشركة الأهلية المحلية الماسة للفلاحة المندمجة,فلاحة / صيد و الخدمات المتصلة بها,الحي الصناعي,المهدية,السواسي,السواسي,محلية
الشركة الاهلية المحلية البلام بالشابة,فلاحة / صيد و الخدمات المتصلة بها,نهج الخذر بن حسين,المهدية,الشابة,الشابة الشمالية,محلية
الشركة الأهلية المحلية النور بالسواسي,فلاحة / صيد و الخدمات المتصلة بها,طريق السواسي-الجم,المهدية,السواسي,السواسي,محلية
الشركة الأهلية المحلية ريحانة,حراجة / إستغلال الغابات,كاب نقرو,باجة,نفزة,كاب نقرو,محلية
المسيد للسياحة الايكولوجية شركة أهلية محلية,أنشطة ترفيهية و ثقافية و رياضية,الجميلة,باجة,نفزة,الجميلة,محلية
الشركة الأهلية الجهوية لحرف المكفوفين بباجة,صنع منتجات متنوعة من الخشب أو من الفلين (الخفاف) أو من القصب,شارع البيئة الحي الإداري سيدي اسماعيل,باجة,باجة الجنوبية,زهرة مدين,جهوية
شركة السلامة بقرام قبلاط,أنشطة خدمات ملحقة بالزراعات المحاصلية,قرام,باجة,قبلاط,قبلاط,محلية
سواعد قبلاط,أنشطة خدمات ملحقة بالزراعات المحاصلية,العقلة,باجة,قبلاط,قبلاط,محلية
باش حامبة الخير شركة أهلية محلية,زراعة,حي باش حامبة القريعات,باجة,مجاز الباب,القريعات,محلية
بركة الفدان شركة أهلية محلية,زراعة النباتات الصناعية,فدان السوق 9046,باجة,تبرسق,فدان السوق,جهوية
سوا أجريفوتور شركة الأهلية المحلية,فلاحة / صيد و الخدمات المتصلة بها,حي الهادي شاكر,باجة,مجاز الباب,مجاز الباب المدينة,محلية
الشركة الأهلية المحلية سهول غانم,فلاحة / صيد و الخدمات المتصلة بها,توكابر,باجة,مجاز الباب,توكابر,محلية
الشركة الأهلية المحلية التوازن مجاز الباب,فلاحة / صيد و الخدمات المتصلة بها,طريق باجة,باجة,مجاز الباب,مجاز الباب المدينة,محلية
الشركة الاهلية المحلية باولاد سلامة تستور,فلاحة / صيد و الخدمات المتصلة بها,أولاد سلامة,باجة,تستور,أولاد سلامة,محلية
الجنة المخفية شركة أهلية محلية,فلاحة / صيد و الخدمات المتصلة بها,محضنة المؤسسات,باجة,باجة الشمالية,باجة,جهوية
الشركة الأهلية المحلية زهرة الجديدي,فلاحة / صيد و الخدمات المتصلة بها,سيدي أحمد الجديدي,باجة,مجاز الباب,مجاز الباب المدينة,محلية
توكا بلي دور شركة أهلية محلية,فلاحة / صيد و الخدمات المتصلة بها,توكابر,باجة,مجاز الباب,توكابر,محلية
كاف هدوم شركة أهلية محلية,أنشطة ترفيهية و ثقافية و رياضية,عين جمالة,باجة,تبرسق,عين جمالة,جهوية
جنان فاقا شركة أهلية جهوية,فلاحة / صيد و الخدمات المتصلة بها,حي الحرفيين,باجة,قبلاط,قبلاط,محلية
شركة الإمتياز بقبلاط شركة أهلية محلية,زراعة,الخرايسية القمرتي,باجة,قبلاط,قبلاط,محلية
الشركة الاهلية المحلية خيرات قبلاط,فلاحة / صيد و الخدمات المتصلة بها,الطريفة,باجة,قبلاط,قبلاط,محلية
استثمارات سيدي اسماعيل شركة اهلية محلية,زراعة,شارع فرنسا عوني سنتر الطابق 3 ب7,باجة,باجة الجنوبية,زهرة مدين,محلية
الشركة الأهلية المحلية سبيل البركة قبلاط,فلاحة / صيد و الخدمات المتصلة بها,نهج قرام,باجة,قبلاط,قبلاط,محلية
الشركة الأهلية المحلية بنمسلم للفلاحة,فلاحة / صيد و الخدمات المتصلة بها,شارع البيئة,باجة,قبلاط,قبلاط,محلية
غانم الخير شركة أهلية محلية,فلاحة / صيد و الخدمات المتصلة بها,غانم الصغير توكابر,باجة,مجاز الباب,توكابر,محلية
حلم الزوارع شركة أهلية محلية,أنشطة ترفيهية,وشتاتة,باجة,نفزة,وشتاتة,محلية
غانم الخير شركة أهلية محلية,فلاحة / صيد و الخدمات المتصلة بها,غانم الصغير توكابر,باجة,مجاز الباب,توكابر,محلية
حلم الزوارع شركة أهلية محلية,أنشطة ترفيهية,وشتاتة,باجة,نفزة,وشتاتة,محلية
بارك مقرنوا شركة اهلية محلية,أنشطة ترفيهية و ثقافية و رياضية,عدد 12 نهج البندقية مقرين الجوهرة,بن عروس,مقرين,جوهرة,محلية
الشركة الأهلية المحلية أوذنة للخدمات,أنشطة ترفيهية و ثقافية و رياضية,فرش العنابي الخليدية,بن عروس,مرناق,الخليلدية,محلية
بيوغاز تثمين شركة اهلية جهوية,إنتاج و توزيع الكهرباء و الغاز و الحرارة,اقامة ابن رشد بناية أ عمارة 1 المروج1,بن عروس,المروج,المروج (1),محلية
الشركة الاهلية المحلية للثقافة والترفيه والسياحة القباب,أنشطة ترفيهية,الطريق الوطنية عدد 1برج سدرية,بن عروس,حمام الشط,حمام الشط,جهوية
الشركة الأهليه المحلية بير ماطر,صناعة/ صنع أغذية الحيوانات,عدد 5 شارع طه حسين,بنزرت,ماطر,ماطر,محلية
الشركة الأهلية المحلية الفلاحية المستقبل,فلاحة / صيد و الخدمات المتصلة بها,هنشير الشرقية,بنزرت,سجنان,سجنان,محلية
الشركة الأهلية المحلية الوفرة للفلاحة,زراعة,سيدي عثمان,بنزرت,أوتيك,أوتيك,محلية
الشركة الاهلية المحلية عين مازر,فلاحة / صيد و الخدمات المتصلة بها,الحدادين بازينة,بنزرت,جومين,بازينة,جهوية
ايكو كلين بيزارتا شركة أهلية جهوية,التطهير وتنظيف الطرقات و التصرف في الفضلات,11 نهج اسطنبول,بنزرت,بنزرت الشمالية,المدينة,جهوية
الشركة الأهلية المحلية الفلاحية ابن عرفة غمراسن,فلاحة/ صيد و الخدمات المتصلة بها,نهج 18 جانفي,تطاوين,غمراسن,غمراسن,محلية
الشركة الاهلية الجهوية بلقاء للحوم,أصناف أخرى من تجارة الجملة,الخاتمة تطاوين,تطاوين,تطاوين الشمالية,النزهة,محلية
الشركة الاهلية الجهوية البيارق للانتاج الحيواني,تربية الحيوانات,الخاتمة تطاوين,تطاوين,تطاوين الشمالية,النزهة,محلية
الشركة الاهلية المحلية مراعي الوطن,تربية الحيوانات,كمبوت رمادة,تطاوين,رمادة,رمادة الشرقية,محلية
الشركة الاهلية الجهوية سقيا للزراعات,زراعة,الخاتمة تطاوين,تطاوين,تطاوين الشمالية,النزهة,محلية
الشركة الاهلية الجهوية الصحاري للجبس بتطاوين,صناعات تحويلية (معملية),الهادي شاكر تطاوين,تطاوين,تطاوين الشمالية,النزهة,محلية
شركة الاهلية الجهوية الماسة للطاقة (في طور التصفية ),خدمات جماعية و إجتماعية و شخصية,الخاتمة تطاوين,تطاوين,تطاوين الشمالية,النزهة,محلية
الشركة الاهلية الجهوية حرائر الواحة بتوزر,صناعات إستخراجية أخرى,طريق الحامة,توزر,توزر,مسغونة,محلية
الشركة الأهلية الجهوية الأقصى المبارك,خدمات ملحقة بالنقل,محطة النقل,توزر,توزر,مسغونة,جهوية
الشركة الأهلية الجهوية للنقل ابن شباط,النقل المنتظم للمسافرين,بن فرج الله,توزر,نفطة,الشافعي الشريف,جهوية
الشركة الأهلية المحلية الكوفة للانتاج الحيواني,تربية الحيوانات,القطعاية,توزر,نفطة,الشافعي الشريف,جهوية
الشركة الأهلية المحلية العمارنة,تربية الحيوانات,صحراوي شتاوى,توزر,توزر,مسغونة,محلية
الشركة الأهلية المحلية كنوز الصحراء,تربية الحيوانات,حي النسيم,توزر,حزوة,حزوة,محلية
الشركة الأهلية المحلية الغزال الذهبي حزوة,فلاحة / صيد و الخدمات المتصلة بها,شارع 20 مارس,توزر,حزوة ,حزوة,محلية
الشركة الأهلية المحلية للتنمية بجهيم,فلاحة / صيد و الخدمات المتصلة بها,شتاوة,توزر,توزر,مسغونة,محلية
الشركة الاهلية المحلية الأولى الأمل,فلاحة / صيد و الخدمات المتصلة بها,المنطقة السياحية,توزر,توزر,مسغونة,محلية
الشركة الأهلية المحلية فيوندار الوردية,فلاحة/ تربية الأسماك و تفريخها,عدد 1 شارع بالفو,تونس,الوردية,الوردية,جهوية
الشركة الأهلية الجهوية السلامة لخدمات سيارات الأجرة تاكسي جماعي بتونس الكبرى,خدمات ملحقة بالنقل,18 نهج لشب بن رهيلة الزهروني,تونس,الحرائرية,الحرايرية,جهوية
الشركة الأهلية الجهوية صدربعل في حالة تصفية,خدمات ملحقة بالنقل,محطة لواج باب عليوة,تونس,باب البحر,باب البحر,جهوية
الشركة الأهلية الجهوية الفوز لخدمات سيارات الأجرة لواج بمحطة باب سعدون تونس,النقل المنتظم للمسافرين,50 شارع الحبيب بوقطفة الطابق 2,تونس,باردو,باردو,جهوية
الايمان للأعلاف شركة أهلية محلية,صناعة/ صنع أغذية الحيوانات,حي النصر,جندوبة,جندوبة,جندوبة الجنوبية,محلية
الشركة الأهلية المحلية قمرة الشمال,إستخراج الأحجار,راس الراجل,جندوبة,طبرقة,طبرقة,محلية
البلدي للمواد الإنشائية شركة أهلية محلية,إنتاج و توزيع الكهرباء و الغاز و الحرارة,نهج 20 مارس,جندوبة,بوسالم,بوسالم الشمالية,محلية
س م ك لوكي للجلود و الاحذية شركة أهلية محلية,صنع الأحذية,شارع 9 أفريل,جندوبة,جندوبة,جندوبة الجنوبية,محلية
حلمه للنسيج شركة اهلية محلية,صنع الملابس من النسيج,محضنة المؤسسات جندوبة,جندوبة,جندوبة,جندوبة الجنوبية,محلية
مناحل طبرقة شركة أهلية محلية,تربية حيوانات أخرى,راس الراجل عين الصبح,جندوبة,طبرقة,طبرقة,محلية
ماركيا للفلاحة و السياحة شركة أهلية محلية,زراعة,القلعة,جندوبة,غار الدماء,غار الدماء,محلية
شركة الأهلية الجهوية بجندوبة الصفاء,فلاحة / صيد و الخدمات المتصلة بها,شارع 20 مارس,جندوبة,بوسالم,بوسالم الشمالية,محلية
الشركة الاهلية المحلية توبربو ماجوس,أنشطة ترفيهية,نهج محمد علي,زغوان,الفحص,الفحص,محلية
جنان جيوفي شركة أهلية محلية,أنشطة ترفيهية,شارع الحبيب بورقيبة,زغوان,بئر مشارقة,بئر مشارقة,محلية
الشركة الأهلية الجهوية رتاج للمنتوجات الغابية و الفلاحية,حراجة / إستغلال الغابات,بنت سعيدان,زغوان,الفحص,الفحص,محلية
الزيتونة الباهرة شركة أهلية جهوية,تربية الحيوانات,الحناينية,زغوان,الناظور,الناظور,محلية
الشركة الأهلية المحلية الفلاحية القصبات الفحص,تربية الحيوانات,نهج السودان,زغوان,الفحص,الفحص,محلية
الشركة الأهلية الجهوية للأعلاف و اللحوم,زراعة,10 نهج الطيب المهيري,زغوان,الفحص,الفحص,محلية
الشركة الأهلية المحلية الخير و البركة بالمقرن,زراعة الحبوب,الحي الجديد المقرن زغوان,زغوان,زغوان,زغوان المدينة,جهوية
الشركة الأهلية المحلية صابة,فلاحة / صيد و الخدمات المتصلة بها,وادي الزيت,زغوان,زغوان,زغوان المدينة,محلية
تيناس هنشير الخير شركة أهلية محلية,فلاحة / صيد و الخدمات المتصلة بها,زقيدان,زغوان,صواف,صواف الشرقية,محلية
الشركة الأهلية المحلية سيريستي,فلاحة / صيد و الخدمات المتصلة بها,شيرش أولاد الزوابي,زغوان,الفحص,الفحص,محلية
الشركة الأهلية الجهوية مبدعات زيكا,فلاحة / صيد و الخدمات المتصلة بها,نهج محمد علي,زغوان,الفحص,الفحص,محلية
الشركة الأهلية المحلية التعمير بالعمامرية,فلاحة/ صيد و الخدمات المتصلة بها,العمامرية,سليانة,بوعرادة,بوعرادة,محلية
الشركة الاهلية الجهوية الزامريجيا,فلاحة/ صيد و الخدمات المتصلة بها,نهج ابن ابي الضياف,سليانة,سليانة الجنوبية,سليانة الجنوبية,جهوية
شركة خيرات جبل برقو شركة أهلية محلية,فلاحة/ صيد و الخدمات المتصلة بها,عين بوسعدية,سليانة,برقو,برقو,محلية
التاج الفلاحي شركة الاهلية المحلية,فلاحة/ زراعة الحبوب,دار الجمعيات,سليانة,الكريب,الكريب الجنوبية,محلية
جنان برقو للتنمية شركة أهلية محلية,حراجة / إستغلال الغابات,حي الزهور,سليانة,برقو,برقو,جهوية
الشركة الأهلية المحلية الخير و البركة بأميرة الجبال كسرى,فلاحة / صيد و الخدمات المتصلة بها,مجمع التنمية نهج بوعبدالله,سليانة,كسرى,كسرى,محلية
شركة ريحان لتربية الماشية والزراعات الكبرى شركة أهلية محلية,فلاحة / صيد و الخدمات المتصلة بها,عبد الستار الدريدي,سليانة,سليانة الجنوبية,سليانة الجنوبية,محلية
الشركة الأهلية المحلية السلام,فلاحة / صيد و الخدمات المتصلة بها,نهج اليمن,سليانة,بوعرادة,بوعرادة,محلية
الشركة الاهلية المحلية للإنتاج الجبلي بعين بوسعدية برقو,فلاحة / صيد و الخدمات المتصلة بها,عين بوسعدية,سليانة,برقو,برقو,محلية
الشركة الاهلية المحلية المصير للخدمات و الانتاج ببرقو,فلاحة / صيد و الخدمات المتصلة بها,نهج عبد النور اليحياوي,سليانة,برقو,برقو,محلية
الشركة الأهلية المحلية منزل المحطة للفلاحة,فلاحة/ صيد و الخدمات المتصلة بها,منزل المحطة,سوسة,سيدي بوعلي,سيدي بوعلي,محلية
الشركة الأهلية الجهوية أصالة للخدمات السريعة,خدمات ملحقة بالنقل,المثاليث عين الرحمة,سوسة,بوفيشة,بوفيشة,جهوية
الشركة الأهلية الجهوية أبو جعفر الأربصي لخدمات النقل بولاية سوسة,خدمات ملحقة بالنقل,ساحة الجلاء سوسة سهلول,سوسة,سوسة المدينة,محمد معروف,محلية
الشركة الأهلية الجهوية أمل الساحل,فلاحة / صيد و الخدمات المتصلة بها,حي السلام,سوسة,النفيضة,النفيضة,جهوية
الشركة الاهلية المحلية سيدي العابد,فلاحة / صيد و الخدمات المتصلة بها,أولاد بالليل قريميط,سوسة,النفيضة,النفيضة,محلية
الشركة الاهلية المحلية قصر البارود,فلاحة/ صيد و الخدمات المتصلة بها,شارع الطيب المتنبي,سيدي بوزيد,جلمة,جملة الشرقية,جهوية
الشركة الأهلية المحلية للخدمات الفلاحية النوائل,فلاحة/ صيد و الخدمات المتصلة بها,النوائل الجديدة,سيدي بوزيد,بئر الحفي,بئر الحفي,جهوية
الشركة الاهلية الجهوية جوهرة الرقاب للفلاحة,فلاحة/ صيد و الخدمات المتصلة بها,طريق المزونة كلم 3,سيدي بوزيد,الرقاب,الرقاب,محلية
الشركة الأهلية الجهوية عين رباو,فلاحة/ صيد و الخدمات المتصلة بها,الحوامد عين رباو,سيدي بوزيد,سيدي بوزيد الغربية,سيدي بوزيد الغربية,محلية
شركة الاهلية تقمودا للنقل بسيدي بوزيد شركة أهلية جهوية,النقل البرّي,حي الخضراء,سيدي بوزيد,سيدي بوزيد الغربية,سيدي بوزيد الغربية,جهوية
المالوسي لصناعة الآجر شركة أهلية محلية,صنع القرميد و الآجر من الطين المشوي (الفخار),منزل بوزيان,سيدي بوزيد,منزل بوزيان,منزل بوزيان,محلية
الشركة الاهلية المحلية الصناعية عين بوهدمة بالمزونة,صناعة المطاط,طريق الصخيرة,سيدي بوزيد,المزونة,المزونة,جهوية
الشركة الأهلية المحلية قصر عبود,تربية الدواجن,الخشم الشرقية السعيدة,سيدي بوزيد,الرقاب,الرقاب,محلية
الشركة الأهلية الجهوية للاستثمار و التطور الفلاحي,زراعة,نهج الجامع,سيدي بوزيد,سيدي بوزيد الغربية,سيدي بوزيد الغربية,محلية
الشركة الاهلية المحلية صقور بأولاد حفوز,زراعة,أولاد حفوز,سيدي بوزيد,أولاد حفوز,أولاد حفوز,محلية
الشركة الاهلية المحلية الأريج,زراعة,الحمامة,سيدي بوزيد,جلمة,جملة الشرقية,جهوية
الشركة الأهلية المحلية الصمود,فلاحة / صيد و الخدمات المتصلة بها,الطويلة,سيدي بوزيد,سيدي بوزيد الغربية,سيدي بوزيد الغربية,محلية
الشركة الأهلية الجهوية زيتونة قمودة,فلاحة / صيد و الخدمات المتصلة بها,الفائض سيدي بوزيد,سيدي بوزيد,سيدي بوزيد الشرقية,الأحواز,جهوية
الشركة الأهلية المحلية الريادة الفلاحية,فلاحة / صيد و الخدمات المتصلة بها,الخروبة المالوسي,سيدي بوزيد,منزل بوزيان,منزل بوزيان,محلية
الشركة الأهلية المحلية الوحدة رحال,فلاحة / صيد و الخدمات المتصلة بها,رحال,سيدي بوزيد,بئر الحفي,بئر الحفي,محلية
شركة أهلية محلية فسقية الرضاع,صناعة تحويل الفواكه و الخضر,الرضاع الشرقية,سيدي بوزيد,الرقاب,الرقاب,محلية
الشركة الأهلية المحلية للخدمات الفلاحية الزعافرية,فلاحة / صيد و الخدمات المتصلة بها,نهج ساقية سيدي يوسف,سيدي بوزيد,سيدي بوزيد الغربية,سيدي بوزيد الغربية,محلية
الضيعة 18 (شركة أهلية محلية),فلاحة / صيد و الخدمات المتصلة بها,شارع اتحاد المغرب العربي,سيدي بوزيد,سيدي بوزيد الشرقية,الأحواز,محلية
الشركة الأهلية المحلية جبل الكبار,فلاحة / صيد و الخدمات المتصلة بها,شارع البريد,سيدي بوزيد,سيدي بوزيد الغربية,سيدي بوزيد الغربية,جهوية
الشركة الأهلية المحلية الملك للرمال,إستخراج الرمال و الصلصال (الطفل),الذويبات الجنوبية كلم 80,سيدي بوزيد,أولاد حفوز,أولاد حفوز,محلية
الشركة الأهلية المحلية المصباح,فلاحة / صيد و الخدمات المتصلة بها,الطويلة طريق قفصة,سيدي بوزيد,سيدي بوزيد الغربية,سيدي بوزيد الغربية,جهوية
الشركة الأهلية المحلية المصباح,فلاحة / صيد و الخدمات المتصلة بها,الطويلة طريق قفصة,سيدي بوزيد,سيدي بوزيد الغربية,سيدي بوزيد الغربية,محلية
الشركة الأهلية المحلية شمس البادية,فلاحة/ صيد و الخدمات المتصلة بها,شارع الحبيب بورقيبة,صفاقس,الحنشة,الحنشة,محلية
الشركة الاهلية المحلية لخدمات الصيد البحري,صناعة/ صناعات غذائية أخرى,بليانة,صفاقس,العامرة,بليانة,محلية
الشركة الأهلية المحلية صناعة الأعلاف الساقية,صناعة/ صنع أغذية الحيوانات,طريق المهدية نهج الرشاد كلم 13,صفاقس,ساقية الداير,ساقية الداير,محلية
الشركة الأهلية المحلية فلوكتنا صفاقس,التطهير وتنظيف الطرقات و التصرف في الفضلات,ميناء الصيد البحري,صفاقس,صفاقس المدينة,المدينة,جهوية
الشركة الأهلية الجهوية حنبعل لخدمات سيارات الأجرة لواج بصفاقس,خدمات ملحقة بالنقل,20 شارع الرباط,صفاقس,صفاقس المدينة,المدينة,جهوية
الشركة الأهلية الجهوية صفاقس العزة,أنشطة المساندة للإدارة,شارع بغداد عمارة عبد المولى كلم 1,صفاقس,صفاقس المدينة,المدينة,محلية
الشركة الأهلية المحلية العين بصفاقس الجنوبية,التطهير وتنظيف الطرقات و التصرف في الفضلات,طريق منزل شاكر كلم 11 2059,صفاقس,صفاقس الجنوبية,العين,محلية
الشركة الاهلية المحلية العامرة للطاقات المتجددة,إنتاج و توزيع الكهرباء و الغاز و الحرارة,شارع 7 نوفمبر,صفاقس,العامرة,العامرة,محلية
الشركة الاهلية المحلية المهذبي للطاقة,إنتاج و توزيع الكهرباء و الغاز و الحرارة,الطريق الوطنية 2 سيدي محمد نويقز,صفاقس,الصخيرة,الصخيرة,محلية
الشركة الأهلية المحلية للخدمات العامة بقرقنة,أنشطة التنظيف,أولاد عزالدين,صفاقس,قرقنة,العطايا,محلية
الشركة الأهلية المحلية النور سيدي امحمد الصخيرة,إنتاج و توزيع الكهرباء و الغاز و الحرارة,سيدي امحمد نويقز,صفاقس,الصخيرة,الصخيرة,محلية
الشركة الاهلية المحلية النصر,إسترداد المواد المستعملة غير المعدنية القابلة للرسكلة,الهادي شاكر,صفاقس,جبنيانة,جبنيانة,محلية
الشركة الأهلية المحلية الهناء,أنشطة خدمات ملحقة بالزراعة,شارع الهادي شاكر,صفاقس,جبنيانة,جبنيانة,محلية
افاق بليانة شركة أهلية محلية,تربية الحيوانات,بليانة,صفاقس,العامرة,العامرة,محلية
شركة الإرادة للفلاحة شركة أهلية محلية,زراعة,العامرة,صفاقس,العامرة,العامرة,محلية
الشركة الأهلية المحلية النموذجية النويقص,فلاحة / صيد و الخدمات المتصلة بها,سيدي محمد نويقص,صفاقس,الصخيرة,الصخيرة,محلية
الشركة الأهلية المحلية الوفاق,فلاحة / صيد و الخدمات المتصلة بها,ذراع بن زياد,صفاقس,العامرة,العامرة,محلية
الشركة الأهلية المحلية عقارب الجديدة,فلاحة / صيد و الخدمات المتصلة بها,العرائش,صفاقس,عقارب,عقارب,محلية
شركة الأنصاف الأهلية المحلية,فلاحة/ صيد و الخدمات المتصلة بها,الهيشة,قابس,المطوية,المطويةالشمالية,جهوية
الشركة الأهلية الجهوية القدس لسيارات الأجرة لواج,النقل البرّي,محطة اللواج,قابس,قابس المدينة,المنطقة الأولى,محلية
الشركة الأهلية المحلية للتنمية المستدامة المطوية,زراعة,شارع الحبيب بورقيبة,قابس,المطوية,المطويةالشمالية,محلية
الشركة الأهلية المحلية قرين أقرو,فلاحة / صيد و الخدمات المتصلة بها,نهج الخليج,قابس,الحامة,المنطقة الشمالية,جهوية
الشركة الأهلية المحلية رائدات بدوز,صناعات نسيج أخرى,المنطقة السياحية,قبلي,دوز الشمالية,دوز الشرقية,جهوية
الشركة الأهلية المحلية الخوار,تربية الحيوانات,عدد 1 الفوار,قبلي,الفوار,الصابرية الغربية,جهوية
الشركة الاهلية المحلية الصنم بالعذارى,تربية الحيوانات,زعفران,قبلي,دوز الشمالية,دوز الشرقية,محلية
الشركة الأهلية المحلية مراعي الرجيم,تربية الحيوانات,رجيم معتوق,قبلي,الفوار,الصابرية الغربية,محلية
الشركة الاهلية المحلية جمنة عراجين الكرمة,زراعة,13 نهج بغداد جمنة,قبلي,قبلي الجنوبية,قبلي الجنوبية,محلية
الشركة الأهلية المحلية وفاق غريب,فلاحة / صيد و الخدمات المتصلة بها,قرية السلام رجيم معتوق,قبلي,الفوار,الصابرية الغربية,محلية
النور و السلام للخدمات الفلاحية شركة أهلية جهوية,فلاحة / صيد و الخدمات المتصلة بها,شارع أحمد خيرالدين النزلة,قبلي,قبلي الشمالية,قبلي الشمالية,جهوية
خيرات نفزاوة شركة أهلية جهوية,فلاحة / صيد و الخدمات المتصلة بها,حي الوكالة العقارية للسكنى بياز,قبلي,قبلي الشمالية,قبلي الشمالية,جهوية
الشركة الأهلية المحلية دوز الأولى,فلاحة / صيد و الخدمات المتصلة بها,حي أولاد عبد النور دوز الجنوبية,قبلي,دوز الشمالية,دوز الشرقية,جهوية
شركة الأنطلاق للطاقة المتجددة والأنشطة الفلاحية شركة أهلية محلية,فلاحة / صيد و الخدمات المتصلة بها,عدد 90 نهج تركيا قبلي,قبلي,قبلي الجنوبية,قبلي الجنوبية,محلية
الشركة الأهلية الجهوية ثمار الوطن,فلاحة/ صيد و الخدمات المتصلة بها,10 نهج بسطيا حي السرور,قفصة,قفصة الجنوبية,قفصة المدينة,محلية
الشركة الأهلية المحلية صنعة أجدادي,صناعة النسيج,بالخير 2180,قفصة,بلخير,بلخير,محلية
الشركة الاهلية المحلية للانشطة الفلاحية سيدي بوبكر,صناعة/ صنع أغذية الحيوانات,سيدي بوبكر,قفصة,أم العرائس,أم العرائس المركز,محلية
الشركة الاهلية المحلية لاستغلال المقاطع بماجورة,إستخراج الأحجار,حي ماجورة,قفصة,السند,السند,جهوية
الشركة الأهلية المحلية كابصا النظيفة لرسكلة و تثمين النفايات,رفع الفضلات و معالجتها,حي السرور,قفصة,قفصة الجنوبية,قفصة المدينة,محلية
الشركة الأهلية الجهوية الوعد للخدمات بقفصة,خدمات ملحقة بالنقل,عمران المقدمي,قفصة,قفصة الجنوبية,قفصة المدينة,جهوية
الشركة الأهلية الجهوية لتنمية السياحية و الرياضية,أنشطة ترفيهية و ثقافية و رياضية,1الراقوبة,قفصة,القصر,القصر,جهوية
الشركة الأهلية الجهوية لسيارات الأجرة لواج قفصة,النقل الحضري و النقل عبر الطريق,حي بياش,قفصة,قفصة الجنوبية,قفصة المدينة,جهوية
شركة أم المناجم للنقل بأم العرائس شركة أهلية محلية,النقل البرّي,حي النور,قفصة,أم العرائس,أم العرائس المركز,محلية
الشركة الاهلية المحلية لنقش و نحت الحجارة و صقل الرخام,تشكيل الحجر و إعداده للإستعمال,العبابسة,قفصة,سيدي عيش,سيدي عيش الشرقية,جهوية
الشركة الاهلية الجهوية لصناعة الطابوق الخلوي,صنع الأسمنت و الجير و الجبس (أو الجص),شارع 4 ديسمبر 1952,قفصة,القصر,القصر,محلية
الشركة الاهلية المحلية الفلاحية الازدهار بالدوارة أم العرائس,تربية الحيوانات,حي السوالمية,قفصة,أم العرائس,أم العرائس المركز,محلية
الشركة الاهلية المحلية الفلاحية الخيرات بالسند,تربية الحيوانات,حي الرياض أبو القاسم الشابي,قفصة,السند,السند,محلية
الشركة الاهلية الجهوية أقري عرباطة,فلاحة / صيد و الخدمات المتصلة بها,نهج عمر بن سليمان,قفصة,قفصة الجنوبية,قفصة المدينة,جهوية
الشركة الأهلية المحلية التفوق للفلاحة النموذجية,فلاحة / صيد و الخدمات المتصلة بها,حي النصر 1,قفصة,السند,السند,محلية
الشركة الأهلية المحلية للفلاحة و الخدمات بالبهلولة زانوش,فلاحة / صيد و الخدمات المتصلة بها,عدد 1 البهلولة,قفصة,السند,السند,محلية
الشركة الأهلية المحلية خابية الطلح بلخير,فلاحة / صيد و الخدمات المتصلة بها,بالخير,قفصة,بلخير,بلخير,محلية
الشركة الأهلية المحلية للزراعة و التخزين سيدي صالح,فلاحة / صيد و الخدمات المتصلة بها,العليم سيدي صالح,قفصة,السند,السند,محلية
الشركة الاهلية المحلية أم الاقصاب,فلاحة / صيد و الخدمات المتصلة بها,أم الاقصاب سيدي بوبكر,قفصة,أم العرائس,أم العرائس المركز,محلية
شركة اهلية نور البركة,صناعة / مخابز و مخابز مقترنة بصنع المرطبات,حسي الجربي,مدنين,جرجيس,جرجيس,محلية
الشركة الأهلية المحلية الارادة للبستنة و تصرف في النفايات غير خطيرة,التطهير وتنظيف الطرقات و التصرف في الفضلات,محضنة المؤسسات جربة للابداع,مدنين,جربة ميدون,ميدون,محلية
شركة اس سي دي ام(شركة أهلية محلية),أنشطة ترفيهية,شارع النخيل,مدنين,مدنين الجنوبية,مدنين الجنوبية,محلية
شركة زيان للنقل والخدمات بجرجيس(شركة أهلية محلية),أنواع أخرى من النقل الطريقي,نهج 20 مارس,مدنين,جرجيس,جرجيس,محلية
الشركة الأهلية المحلية للصيد البحري سيدي مخلوف,تجارة الأسماك و القشريات و الرخويات بالتفصيل,القصبة,مدنين,سيدي مخلوف,سيدي مخلوف,جهوية
الشركة الأهلية المحلية للخياطة و التطريز بمدنين نيوفاشن,صناعة الملابس و صناعة الفراء (الفورير),نهج النخيل حي الخراشفة,مدنين,مدنين الشمالية,مدنين الشمالية,محلية
الشركة الاهلية المحلية الأمل للنسيج بسيدي مخلوف,صناعة الملابس و صناعة الفراء (الفورير),الراقوبة الشرقية,مدنين,سيدي مخلوف,سيدي مخلوف,محلية
الشركة الاهلية المحلية الفلاحية التحدي لتربية الماشية,تربية الضأن و الماعز,تبرقيت القصبة سيدي مخلوف,مدنين,سيدي مخلوف,سيدي مخلوف,محلية
الشركة الأهلية المحلية الفلاحية تيسير بالراقوبة الشرقية,تربية الحيوانات,الراقوبة,مدنين,سيدي مخلوف,سيدي مخلوف,محلية
الشركة الاهلية المحلية للانتاج الفلاحي برمادة,زراعة الزياتين,طريق الذهيبات,مدنين,سيدي مخلوف,سيدي مخلوف,جهوية
الشركة الأهلية المحلية للتنمية الفلاحية بجرجيس نيوزار,فلاحة / صيد و الخدمات المتصلة بها,عمارة الحافي شارع 20 مارس,مدنين,جرجيس,جرجيس,محلية
الشركة الأهلية المحلية الكادحات بمنوبة,أنشطة الخدمات الملحقة بالفلاحة بإستثناء الأنشطة البيطرية,حي الرجاء,منوبة,طبربة,طبربة,محلية
الشركة الأهلية المحلية الفلاحية بالدخيلة أرزاق,زراعة مقترنة بتربية الحيوانات,محضنة المؤسسات,منوبة,منوبة,منوبة,محلية
الشركة الأهلية المحلية لتنمية الفلاحية للمساعدين,زراعة,المساعدين,منوبة,برج العامري,برج العامري,محلية
الشركة الأهلية المحلية إزدهار برج النور,زراعة,يرج النور المساعدين,منوبة,برج العامري,برج العامري,جهوية
الشركة الجهوية الأهلية منوبة البية,زراعة,محضنة المؤسسات,منوبة,منوبة,منوبة,محلية
الشركة الأهلية الجهوية ار سام,فلاحة/ صيد,طريق منزل بوزلفة كم1,نابل,سليمان,سليمان,محلية
الشركة الأهلية الجهوية فاطمة الزهراء لخدمات النقل بنابل,خدمات ملحقة بالنقل,محطة التاكسي الجماعي شارع الجمهورية,نابل,سليمان,سليمان,جهوية
الشركة الأهلية المحلية للسياحة و البيئة و الترفيه تاكلسة,أنشطة ترفيهية و ثقافية و رياضية,المرصد البحري بالبكاكشة,نابل,تاكلسة,تاكلسة الجوفية,جهوية
الشركة الأهلية الجهوية للسياحة و الترفيه زمبرة الجامور,أنشطة ترفيهية و ثقافية و رياضية,الكرمانية,نابل,الهوارية,الهوارية القبلية,محلية
الشركة الأهلية الجهوية إكو تاكي للفلاحة,تربية الحيوانات,الرمل,نابل,تاكلسة,تاكلسة الجوفية,محلية
الشركة الأهلية المحلية السعادة,زراعة,دار الجندي,نابل,تاكلسة,تاكلسة الجوفية,محلية
الشركة الأهلية المحلية خير البلاد,فلاحة / صيد و الخدمات المتصلة بها,نوال,نابل,قرنبالية,قرنبالية الشرقية,محلية
الشركة الأهلية المحلية المشارق,فلاحة / صيد و الخدمات المتصلة بها,قصر سعد,نابل,قربة,قربة الشرقية,محلية
الشركة الأهلية المحلية للتصرّف في أراضي مجموعة بني خيار,فلاحة / صيد و الخدمات المتصلة بها,شارع الحبيب بورقيبة,نابل,بني خيار,بني خيار,محلية
الشركة الأهلية الجهوية للفلاحة الإمتياز,فلاحة / صيد و الخدمات المتصلة بها,شارع السلام,نابل,قرنبالية,قرنبالية الشرقية,محلية